2,.,csv,list20171030.csv,,,,,,,,,,,,,,,,,,0,Yusuke-PC\Yusuke,1509349408023
1,.,csv,,,,,,,,,,,,,,,,,,,0,Yusuke-PC\Yusuke,1509327258802
1,.,DeletedFilePicker.class,,,,,,,,,,,,,,,,,,,2841,Yusuke-PC\Yusuke,1509316379359
1,.,DeletedFilePicker.java,,,,,,,,,,,,,,,,,,,3376,Yusuke-PC\Yusuke,1509316379377
3,.,FileChart,cmn,bootstrap.css,,,,,,,,,,,,,,,,,142850,Yusuke-PC\Yusuke,1509316379492
3,.,FileChart,cmn,d3.min.js,,,,,,,,,,,,,,,,,151729,Yusuke-PC\Yusuke,1509316379598
3,.,FileChart,cmn,line.js,,,,,,,,,,,,,,,,,1341,Yusuke-PC\Yusuke,1509316379617
3,.,FileChart,cmn,new_nv.d3.js,,,,,,,,,,,,,,,,,562042,Yusuke-PC\Yusuke,1509316379822
3,.,FileChart,cmn,nv.d3.css,,,,,,,,,,,,,,,,,13603,Yusuke-PC\Yusuke,1509316379854
3,.,FileChart,cmn,nv.d3.js,,,,,,,,,,,,,,,,,462528,Yusuke-PC\Yusuke,1509316380022
3,.,FileChart,cmn,pie.js,,,,,,,,,,,,,,,,,483,Yusuke-PC\Yusuke,1509316380102
3,.,FileChart,cmn,scatter.js,,,,,,,,,,,,,,,,,934,Yusuke-PC\Yusuke,1509316380142
3,.,FileChart,cmn,stackArea.js,,,,,,,,,,,,,,,,,1209,Yusuke-PC\Yusuke,1509316380162
3,.,FileChart,cmn,table.js,,,,,,,,,,,,,,,,,989,Yusuke-PC\Yusuke,1509316380182
2,.,FileChart,cmn,,,,,,,,,,,,,,,,,,1337708,Yusuke-PC\Yusuke,1509316380163
2,.,FileChart,FileChart.html,,,,,,,,,,,,,,,,,,2777,Yusuke-PC\Yusuke,1509316379429
3,.,FileChart,images,grey-minus.png,,,,,,,,,,,,,,,,,290,Yusuke-PC\Yusuke,1509316380206
3,.,FileChart,images,grey-plus.png,,,,,,,,,,,,,,,,,325,Yusuke-PC\Yusuke,1509316380224
2,.,FileChart,images,,,,,,,,,,,,,,,,,,615,Yusuke-PC\Yusuke,1509316380206
1,.,FileChart,,,,,,,,,,,,,,,,,,,1341100,Yusuke-PC\Yusuke,1509316380182
1,.,FileLister.bat,,,,,,,,,,,,,,,,,,,51,Yusuke-PC\Yusuke,1509349404344
1,.,FileLister.class,,,,,,,,,,,,,,,,,,,3521,Yusuke-PC\Yusuke,1509316380228
1,.,FileLister.java,,,,,,,,,,,,,,,,,,,2904,Yusuke-PC\Yusuke,1509316380255
1,.,MakeFileUsage$1.class,,,,,,,,,,,,,,,,,,,1041,Yusuke-PC\Yusuke,1509316380262
1,.,MakeFileUsage.bat,,,,,,,,,,,,,,,,,,,47,Yusuke-PC\Yusuke,1509316380287
1,.,MakeFileUsage.class,,,,,,,,,,,,,,,,,,,12027,Yusuke-PC\Yusuke,1509316380343
1,.,MakeFileUsage.java,,,,,,,,,,,,,,,,,,,13196,Yusuke-PC\Yusuke,1509316380395
1,.,tclib-0.9.jar,,,,,,,,,,,,,,,,,,,155123,Yusuke-PC\Yusuke,1509327075846
0,.,,,,,,,,,,,,,,,,,,,,1535227,Yusuke-PC\Yusuke,1509327256395
2,..,160606_diffUtils,a.txt,,,,,,,,,,,,,,,,,,35,Yusuke-PC\Yusuke,1485259499115
2,..,160606_diffUtils,b.txt,,,,,,,,,,,,,,,,,,28,Yusuke-PC\Yusuke,1485259499116
2,..,160606_diffUtils,DiffTest.bat,,,,,,,,,,,,,,,,,,219,Yusuke-PC\Yusuke,1485259499109
2,..,160606_diffUtils,DiffTest.class,,,,,,,,,,,,,,,,,,2002,Yusuke-PC\Yusuke,1485259499110
2,..,160606_diffUtils,DiffTest.java,,,,,,,,,,,,,,,,,,1353,Yusuke-PC\Yusuke,1485259499111
2,..,160606_diffUtils,diffutils-1.2.1.jar,,,,,,,,,,,,,,,,,,30360,Yusuke-PC\Yusuke,1485259499132
3,..,160606_diffUtils,docs,allclasses-frame.html,,,,,,,,,,,,,,,,,3297,Yusuke-PC\Yusuke,1485259499134
3,..,160606_diffUtils,docs,allclasses-noframe.html,,,,,,,,,,,,,,,,,2837,Yusuke-PC\Yusuke,1485259499135
3,..,160606_diffUtils,docs,constant-values.html,,,,,,,,,,,,,,,,,3943,Yusuke-PC\Yusuke,1485259499137
3,..,160606_diffUtils,docs,deprecated-list.html,,,,,,,,,,,,,,,,,3892,Yusuke-PC\Yusuke,1485259499138
4,..,160606_diffUtils,docs,difflib,ChangeDelta.html,,,,,,,,,,,,,,,,16399,Yusuke-PC\Yusuke,1485259499140
4,..,160606_diffUtils,docs,difflib,Chunk.html,,,,,,,,,,,,,,,,15897,Yusuke-PC\Yusuke,1485259499141
4,..,160606_diffUtils,docs,difflib,DeleteDelta.html,,,,,,,,,,,,,,,,16789,Yusuke-PC\Yusuke,1485259499142
4,..,160606_diffUtils,docs,difflib,Delta.html,,,,,,,,,,,,,,,,19024,Yusuke-PC\Yusuke,1485259499145
4,..,160606_diffUtils,docs,difflib,Delta.TYPE.html,,,,,,,,,,,,,,,,13305,Yusuke-PC\Yusuke,1485259499144
4,..,160606_diffUtils,docs,difflib,DeltaComparator.html,,,,,,,,,,,,,,,,11264,Yusuke-PC\Yusuke,1485259499147
4,..,160606_diffUtils,docs,difflib,DiffAlgorithm.html,,,,,,,,,,,,,,,,10342,Yusuke-PC\Yusuke,1485259499148
4,..,160606_diffUtils,docs,difflib,DiffException.html,,,,,,,,,,,,,,,,9390,Yusuke-PC\Yusuke,1485259499149
4,..,160606_diffUtils,docs,difflib,DiffRow.html,,,,,,,,,,,,,,,,15856,Yusuke-PC\Yusuke,1485259499152
4,..,160606_diffUtils,docs,difflib,DiffRow.Tag.html,,,,,,,,,,,,,,,,13758,Yusuke-PC\Yusuke,1485259499151
4,..,160606_diffUtils,docs,difflib,DiffRowGenerator.Builder.html,,,,,,,,,,,,,,,,19460,Yusuke-PC\Yusuke,1485259499154
4,..,160606_diffUtils,docs,difflib,DiffRowGenerator.html,,,,,,,,,,,,,,,,16204,Yusuke-PC\Yusuke,1485259499155
4,..,160606_diffUtils,docs,difflib,DiffUtils.html,,,,,,,,,,,,,,,,18161,Yusuke-PC\Yusuke,1485259499157
4,..,160606_diffUtils,docs,difflib,InsertDelta.html,,,,,,,,,,,,,,,,16794,Yusuke-PC\Yusuke,1485259499158
5,..,160606_diffUtils,docs,difflib,myers,DifferentiationFailedException.html,,,,,,,,,,,,,,,10041,Yusuke-PC\Yusuke,1485259499167
5,..,160606_diffUtils,docs,difflib,myers,DiffException.html,,,,,,,,,,,,,,,9590,Yusuke-PC\Yusuke,1485259499164
5,..,160606_diffUtils,docs,difflib,myers,DiffNode.html,,,,,,,,,,,,,,,13481,Yusuke-PC\Yusuke,1485259499166
5,..,160606_diffUtils,docs,difflib,myers,MyersDiff.html,,,,,,,,,,,,,,,19711,Yusuke-PC\Yusuke,1485259499169
5,..,160606_diffUtils,docs,difflib,myers,package-frame.html,,,,,,,,,,,,,,,1427,Yusuke-PC\Yusuke,1485259499173
5,..,160606_diffUtils,docs,difflib,myers,package-summary.html,,,,,,,,,,,,,,,7656,Yusuke-PC\Yusuke,1485259499174
5,..,160606_diffUtils,docs,difflib,myers,package-tree.html,,,,,,,,,,,,,,,5804,Yusuke-PC\Yusuke,1485259499175
5,..,160606_diffUtils,docs,difflib,myers,PathNode.html,,,,,,,,,,,,,,,16813,Yusuke-PC\Yusuke,1485259499170
5,..,160606_diffUtils,docs,difflib,myers,Snake.html,,,,,,,,,,,,,,,12742,Yusuke-PC\Yusuke,1485259499172
4,..,160606_diffUtils,docs,difflib,myers,,,,,,,,,,,,,,,,97265,Yusuke-PC\Yusuke,1485259499175
4,..,160606_diffUtils,docs,difflib,package-frame.html,,,,,,,,,,,,,,,,2737,Yusuke-PC\Yusuke,1485259499177
4,..,160606_diffUtils,docs,difflib,package-summary.html,,,,,,,,,,,,,,,,10685,Yusuke-PC\Yusuke,1485259499178
4,..,160606_diffUtils,docs,difflib,package-tree.html,,,,,,,,,,,,,,,,7564,Yusuke-PC\Yusuke,1485259499179
4,..,160606_diffUtils,docs,difflib,Patch.html,,,,,,,,,,,,,,,,12505,Yusuke-PC\Yusuke,1485259499160
4,..,160606_diffUtils,docs,difflib,PatchFailedException.html,,,,,,,,,,,,,,,,9583,Yusuke-PC\Yusuke,1485259499161
4,..,160606_diffUtils,docs,difflib,StringUtills.html,,,,,,,,,,,,,,,,13390,Yusuke-PC\Yusuke,1485259499163
3,..,160606_diffUtils,docs,difflib,,,,,,,,,,,,,,,,,366372,Yusuke-PC\Yusuke,1485259499178
3,..,160606_diffUtils,docs,help-doc.html,,,,,,,,,,,,,,,,,10185,Yusuke-PC\Yusuke,1485259499181
3,..,160606_diffUtils,docs,index-all.html,,,,,,,,,,,,,,,,,51951,Yusuke-PC\Yusuke,1485259499183
3,..,160606_diffUtils,docs,index.html,,,,,,,,,,,,,,,,,3205,Yusuke-PC\Yusuke,1485259499185
3,..,160606_diffUtils,docs,overview-frame.html,,,,,,,,,,,,,,,,,904,Yusuke-PC\Yusuke,1485259499186
3,..,160606_diffUtils,docs,overview-summary.html,,,,,,,,,,,,,,,,,4811,Yusuke-PC\Yusuke,1485259499187
3,..,160606_diffUtils,docs,overview-tree.html,,,,,,,,,,,,,,,,,8495,Yusuke-PC\Yusuke,1485259499189
3,..,160606_diffUtils,docs,package-list,,,,,,,,,,,,,,,,,24,Yusuke-PC\Yusuke,1485259499190
3,..,160606_diffUtils,docs,script.js,,,,,,,,,,,,,,,,,857,Yusuke-PC\Yusuke,1485259499192
3,..,160606_diffUtils,docs,serialized-form.html,,,,,,,,,,,,,,,,,6069,Yusuke-PC\Yusuke,1485259499194
3,..,160606_diffUtils,docs,stylesheet.css,,,,,,,,,,,,,,,,,13382,Yusuke-PC\Yusuke,1485259499197
2,..,160606_diffUtils,docs,,,,,,,,,,,,,,,,,,480224,Yusuke-PC\Yusuke,1485259499195
2,..,160606_diffUtils,FileLister.java,,,,,,,,,,,,,,,,,,2222,Yusuke-PC\Yusuke,1485259499113
2,..,160606_diffUtils,FileLister2.java,,,,,,,,,,,,,,,,,,2662,Yusuke-PC\Yusuke,1485259499114
4,..,160606_diffUtils,src,difflib,ChangeDelta.java,,,,,,,,,,,,,,,,2707,Yusuke-PC\Yusuke,1485259499200
4,..,160606_diffUtils,src,difflib,Chunk.java,,,,,,,,,,,,,,,,4469,Yusuke-PC\Yusuke,1485259499202
4,..,160606_diffUtils,src,difflib,DeleteDelta.java,,,,,,,,,,,,,,,,2185,Yusuke-PC\Yusuke,1485259499203
4,..,160606_diffUtils,src,difflib,Delta.java,,,,,,,,,,,,,,,,4020,Yusuke-PC\Yusuke,1485259499205
4,..,160606_diffUtils,src,difflib,DeltaComparator.java,,,,,,,,,,,,,,,,681,Yusuke-PC\Yusuke,1485259499207
4,..,160606_diffUtils,src,difflib,DiffAlgorithm.java,,,,,,,,,,,,,,,,1559,Yusuke-PC\Yusuke,1485259499208
4,..,160606_diffUtils,src,difflib,DiffException.java,,,,,,,,,,,,,,,,1025,Yusuke-PC\Yusuke,1485259499210
4,..,160606_diffUtils,src,difflib,DiffRow.java,,,,,,,,,,,,,,,,3481,Yusuke-PC\Yusuke,1485259499211
4,..,160606_diffUtils,src,difflib,DiffRowGenerator.java,,,,,,,,,,,,,,,,16512,Yusuke-PC\Yusuke,1485259499214
4,..,160606_diffUtils,src,difflib,DiffUtils.java,,,,,,,,,,,,,,,,13728,Yusuke-PC\Yusuke,1485259499217
4,..,160606_diffUtils,src,difflib,InsertDelta.java,,,,,,,,,,,,,,,,2337,Yusuke-PC\Yusuke,1485259499219
5,..,160606_diffUtils,src,difflib,myers,DifferentiationFailedException.java,,,,,,,,,,,,,,,3371,Yusuke-PC\Yusuke,1485259499229
5,..,160606_diffUtils,src,difflib,myers,DiffException.java,,,,,,,,,,,,,,,3222,Yusuke-PC\Yusuke,1485259499225
5,..,160606_diffUtils,src,difflib,myers,DiffNode.java,,,,,,,,,,,,,,,1620,Yusuke-PC\Yusuke,1485259499227
5,..,160606_diffUtils,src,difflib,myers,MyersDiff.java,,,,,,,,,,,,,,,9801,Yusuke-PC\Yusuke,1485259499231
5,..,160606_diffUtils,src,difflib,myers,package.html,,,,,,,,,,,,,,,1535,Yusuke-PC\Yusuke,1485259499236
5,..,160606_diffUtils,src,difflib,myers,PathNode.java,,,,,,,,,,,,,,,5116,Yusuke-PC\Yusuke,1485259499233
5,..,160606_diffUtils,src,difflib,myers,Snake.java,,,,,,,,,,,,,,,3748,Yusuke-PC\Yusuke,1485259499235
4,..,160606_diffUtils,src,difflib,myers,,,,,,,,,,,,,,,,28413,Yusuke-PC\Yusuke,1485259499235
4,..,160606_diffUtils,src,difflib,package.html,,,,,,,,,,,,,,,,3155,Yusuke-PC\Yusuke,1485259499238
4,..,160606_diffUtils,src,difflib,Patch.java,,,,,,,,,,,,,,,,2458,Yusuke-PC\Yusuke,1485259499220
4,..,160606_diffUtils,src,difflib,PatchFailedException.java,,,,,,,,,,,,,,,,1058,Yusuke-PC\Yusuke,1485259499222
4,..,160606_diffUtils,src,difflib,StringUtills.java,,,,,,,,,,,,,,,,2754,Yusuke-PC\Yusuke,1485259499223
3,..,160606_diffUtils,src,difflib,,,,,,,,,,,,,,,,,90542,Yusuke-PC\Yusuke,1485259499237
2,..,160606_diffUtils,src,,,,,,,,,,,,,,,,,,90542,Yusuke-PC\Yusuke,1485259499198
1,..,160606_diffUtils,,,,,,,,,,,,,,,,,,,609647,Yusuke-PC\Yusuke,1485259499198
2,..,170109_C8yObject,AutoJavaMaker.class,,,,,,,,,,,,,,,,,,10993,Yusuke-PC\Yusuke,1485259499240
2,..,170109_C8yObject,AutoJavaMaker.java,,,,,,,,,,,,,,,,,,14118,Yusuke-PC\Yusuke,1485259499243
2,..,170109_C8yObject,README.txt,,,,,,,,,,,,,,,,,,106,Yusuke-PC\Yusuke,1485259499245
4,..,170109_C8yObject,source,reference,alarms.html.md,,,,,,,,,,,,,,,,13968,Yusuke-PC\Yusuke,1485259499249
4,..,170109_C8yObject,source,reference,applications.html.md,,,,,,,,,,,,,,,,10678,Yusuke-PC\Yusuke,1485259499252
4,..,170109_C8yObject,source,reference,auditing.html.md,,,,,,,,,,,,,,,,9468,Yusuke-PC\Yusuke,1485259499255
4,..,170109_C8yObject,source,reference,binaries.html.md,,,,,,,,,,,,,,,,9791,Yusuke-PC\Yusuke,1485259499258
4,..,170109_C8yObject,source,reference,device-control.html.md,,,,,,,,,,,,,,,,19410,Yusuke-PC\Yusuke,1485259499262
4,..,170109_C8yObject,source,reference,device-credentials.html.md,,,,,,,,,,,,,,,,12255,Yusuke-PC\Yusuke,1485259499265
4,..,170109_C8yObject,source,reference,device-management.html.md,,,,,,,,,,,,,,,,15356,Yusuke-PC\Yusuke,1485259499269
4,..,170109_C8yObject,source,reference,events.html.md,,,,,,,,,,,,,,,,12577,Yusuke-PC\Yusuke,1485259499272
4,..,170109_C8yObject,source,reference,identity.html.md,,,,,,,,,,,,,,,,5618,Yusuke-PC\Yusuke,1485259499274
4,..,170109_C8yObject,source,reference,inventory.html.md,,,,,,,,,,,,,,,,21316,Yusuke-PC\Yusuke,1485259499278
4,..,170109_C8yObject,source,reference,measurements.html.md,,,,,,,,,,,,,,,,18409,Yusuke-PC\Yusuke,1485259499282
4,..,170109_C8yObject,source,reference,real-time-notifications.html.md,,,,,,,,,,,,,,,,13407,Yusuke-PC\Yusuke,1485259499285
4,..,170109_C8yObject,source,reference,real-time-statements.html.md,,,,,,,,,,,,,,,,7725,Yusuke-PC\Yusuke,1485259499288
4,..,170109_C8yObject,source,reference,rest-implementation.html.md,,,,,,,,,,,,,,,,13921,Yusuke-PC\Yusuke,1485259499292
4,..,170109_C8yObject,source,reference,retention-rules.html.md,,,,,,,,,,,,,,,,7439,Yusuke-PC\Yusuke,1485259499294
4,..,170109_C8yObject,source,reference,sensor-library.html.md,,,,,,,,,,,,,,,,13443,Yusuke-PC\Yusuke,1485259499298
4,..,170109_C8yObject,source,reference,smartrest.html.md,,,,,,,,,,,,,,,,20547,Yusuke-PC\Yusuke,1485259499302
4,..,170109_C8yObject,source,reference,tenants.html.md,,,,,,,,,,,,,,,,28198,Yusuke-PC\Yusuke,1485259499307
4,..,170109_C8yObject,source,reference,users.html.md,,,,,,,,,,,,,,,,36742,Yusuke-PC\Yusuke,1485259499312
3,..,170109_C8yObject,source,reference,,,,,,,,,,,,,,,,,290268,Yusuke-PC\Yusuke,1485259499308
2,..,170109_C8yObject,source,,,,,,,,,,,,,,,,,,290268,Yusuke-PC\Yusuke,1485259499245
2,..,170109_C8yObject,spltet.class,,,,,,,,,,,,,,,,,,1039,Yusuke-PC\Yusuke,1485259499314
2,..,170109_C8yObject,spltet.java,,,,,,,,,,,,,,,,,,326,Yusuke-PC\Yusuke,1485259499316
1,..,170109_C8yObject,,,,,,,,,,,,,,,,,,,316850,Yusuke-PC\Yusuke,1485259499315
2,..,170503_定期券問題,Teiki$Strat.class,,,,,,,,,,,,,,,,,,1335,Yusuke-PC\Yusuke,1494196826654
2,..,170503_定期券問題,Teiki$Ticket.class,,,,,,,,,,,,,,,,,,1210,Yusuke-PC\Yusuke,1494196826656
2,..,170503_定期券問題,Teiki.class,,,,,,,,,,,,,,,,,,4702,Yusuke-PC\Yusuke,1494196826659
2,..,170503_定期券問題,Teiki.java,,,,,,,,,,,,,,,,,,7608,Yusuke-PC\Yusuke,1494196826661
2,..,170503_定期券問題,Teiki2$Strat.class,,,,,,,,,,,,,,,,,,1342,Yusuke-PC\Yusuke,1494196826663
2,..,170503_定期券問題,Teiki2$Ticket.class,,,,,,,,,,,,,,,,,,1248,Yusuke-PC\Yusuke,1494196826665
2,..,170503_定期券問題,Teiki2.class,,,,,,,,,,,,,,,,,,4928,Yusuke-PC\Yusuke,1494196826667
2,..,170503_定期券問題,Teiki2.java,,,,,,,,,,,,,,,,,,7672,Yusuke-PC\Yusuke,1494196826670
2,..,170503_定期券問題,Teiki3$Strat.class,,,,,,,,,,,,,,,,,,1342,Yusuke-PC\Yusuke,1494196826672
2,..,170503_定期券問題,Teiki3$Ticket.class,,,,,,,,,,,,,,,,,,1248,Yusuke-PC\Yusuke,1494196826674
2,..,170503_定期券問題,Teiki3.class,,,,,,,,,,,,,,,,,,4760,Yusuke-PC\Yusuke,1494196826675
2,..,170503_定期券問題,Teiki3.java,,,,,,,,,,,,,,,,,,7693,Yusuke-PC\Yusuke,1494196826678
2,..,170503_定期券問題,イチゴ問題.xlsx,,,,,,,,,,,,,,,,,,12753,Yusuke-PC\Yusuke,1494196826680
2,..,170503_定期券問題,定期券問題.docx,,,,,,,,,,,,,,,,,,13991,Yusuke-PC\Yusuke,1494196826682
1,..,170503_定期券問題,,,,,,,,,,,,,,,,,,,71832,Yusuke-PC\Yusuke,1494196826681
3,..,170504_routeEditor,cmn,drawmap.js,,,,,,,,,,,,,,,,,7884,Yusuke-PC\Yusuke,1494325344978
3,..,170504_routeEditor,cmn,jquery-3.1.0.min.js,,,,,,,,,,,,,,,,,86355,Yusuke-PC\Yusuke,1494196826708
3,..,170504_routeEditor,cmn,routeEditor.css,,,,,,,,,,,,,,,,,519,Yusuke-PC\Yusuke,1494196826710
2,..,170504_routeEditor,cmn,,,,,,,,,,,,,,,,,,94758,Yusuke-PC\Yusuke,1494403240610
2,..,170504_routeEditor,index.html,,,,,,,,,,,,,,,,,,1502,Yusuke-PC\Yusuke,1494196826712
2,..,170504_routeEditor,routeEditor.html,,,,,,,,,,,,,,,,,,464,Yusuke-PC\Yusuke,1494196826714
1,..,170504_routeEditor,,,,,,,,,,,,,,,,,,,96724,Yusuke-PC\Yusuke,1494196826714
3,..,171022_FileList_src,csv,list20171030.csv,,,,,,,,,,,,,,,,,0,Yusuke-PC\Yusuke,1509349408023
2,..,171022_FileList_src,csv,,,,,,,,,,,,,,,,,,0,Yusuke-PC\Yusuke,1509327258802
2,..,171022_FileList_src,DeletedFilePicker.class,,,,,,,,,,,,,,,,,,2841,Yusuke-PC\Yusuke,1509316379359
2,..,171022_FileList_src,DeletedFilePicker.java,,,,,,,,,,,,,,,,,,3376,Yusuke-PC\Yusuke,1509316379377
4,..,171022_FileList_src,FileChart,cmn,bootstrap.css,,,,,,,,,,,,,,,,142850,Yusuke-PC\Yusuke,1509316379492
4,..,171022_FileList_src,FileChart,cmn,d3.min.js,,,,,,,,,,,,,,,,151729,Yusuke-PC\Yusuke,1509316379598
4,..,171022_FileList_src,FileChart,cmn,line.js,,,,,,,,,,,,,,,,1341,Yusuke-PC\Yusuke,1509316379617
4,..,171022_FileList_src,FileChart,cmn,new_nv.d3.js,,,,,,,,,,,,,,,,562042,Yusuke-PC\Yusuke,1509316379822
4,..,171022_FileList_src,FileChart,cmn,nv.d3.css,,,,,,,,,,,,,,,,13603,Yusuke-PC\Yusuke,1509316379854
4,..,171022_FileList_src,FileChart,cmn,nv.d3.js,,,,,,,,,,,,,,,,462528,Yusuke-PC\Yusuke,1509316380022
4,..,171022_FileList_src,FileChart,cmn,pie.js,,,,,,,,,,,,,,,,483,Yusuke-PC\Yusuke,1509316380102
4,..,171022_FileList_src,FileChart,cmn,scatter.js,,,,,,,,,,,,,,,,934,Yusuke-PC\Yusuke,1509316380142
4,..,171022_FileList_src,FileChart,cmn,stackArea.js,,,,,,,,,,,,,,,,1209,Yusuke-PC\Yusuke,1509316380162
4,..,171022_FileList_src,FileChart,cmn,table.js,,,,,,,,,,,,,,,,989,Yusuke-PC\Yusuke,1509316380182
3,..,171022_FileList_src,FileChart,cmn,,,,,,,,,,,,,,,,,1337708,Yusuke-PC\Yusuke,1509316380163
3,..,171022_FileList_src,FileChart,FileChart.html,,,,,,,,,,,,,,,,,2777,Yusuke-PC\Yusuke,1509316379429
4,..,171022_FileList_src,FileChart,images,grey-minus.png,,,,,,,,,,,,,,,,290,Yusuke-PC\Yusuke,1509316380206
4,..,171022_FileList_src,FileChart,images,grey-plus.png,,,,,,,,,,,,,,,,325,Yusuke-PC\Yusuke,1509316380224
3,..,171022_FileList_src,FileChart,images,,,,,,,,,,,,,,,,,615,Yusuke-PC\Yusuke,1509316380206
2,..,171022_FileList_src,FileChart,,,,,,,,,,,,,,,,,,1341100,Yusuke-PC\Yusuke,1509316380182
2,..,171022_FileList_src,FileLister.bat,,,,,,,,,,,,,,,,,,51,Yusuke-PC\Yusuke,1509349404344
2,..,171022_FileList_src,FileLister.class,,,,,,,,,,,,,,,,,,3521,Yusuke-PC\Yusuke,1509316380228
2,..,171022_FileList_src,FileLister.java,,,,,,,,,,,,,,,,,,2904,Yusuke-PC\Yusuke,1509316380255
2,..,171022_FileList_src,MakeFileUsage$1.class,,,,,,,,,,,,,,,,,,1041,Yusuke-PC\Yusuke,1509316380262
2,..,171022_FileList_src,MakeFileUsage.bat,,,,,,,,,,,,,,,,,,47,Yusuke-PC\Yusuke,1509316380287
2,..,171022_FileList_src,MakeFileUsage.class,,,,,,,,,,,,,,,,,,12027,Yusuke-PC\Yusuke,1509316380343
2,..,171022_FileList_src,MakeFileUsage.java,,,,,,,,,,,,,,,,,,13196,Yusuke-PC\Yusuke,1509316380395
2,..,171022_FileList_src,tclib-0.9.jar,,,,,,,,,,,,,,,,,,155123,Yusuke-PC\Yusuke,1509327075846
1,..,171022_FileList_src,,,,,,,,,,,,,,,,,,,1535227,Yusuke-PC\Yusuke,1509327256395
2,..,20161018_Rest,dec.class,,,,,,,,,,,,,,,,,,1043,Yusuke-PC\Yusuke,1476789096213
2,..,20161018_Rest,dec.java,,,,,,,,,,,,,,,,,,959,Yusuke-PC\Yusuke,1485259499322
2,..,20161018_Rest,Logger.class,,,,,,,,,,,,,,,,,,917,Yusuke-PC\Yusuke,1476785744478
2,..,20161018_Rest,Logger.java,,,,,,,,,,,,,,,,,,816,Yusuke-PC\Yusuke,1485259499318
2,..,20161018_Rest,Rest.class,,,,,,,,,,,,,,,,,,3373,Yusuke-PC\Yusuke,1476787733045
2,..,20161018_Rest,Rest.java,,,,,,,,,,,,,,,,,,3876,Yusuke-PC\Yusuke,1485259499320
2,..,20161018_Rest,Rest_platform_result.txt,,,,,,,,,,,,,,,,,,16102,Yusuke-PC\Yusuke,1476838643789
2,..,20161018_Rest,フォーマットの違い.txt,,,,,,,,,,,,,,,,,,716,Yusuke-PC\Yusuke,1476787010429
1,..,20161018_Rest,,,,,,,,,,,,,,,,,,,27802,Yusuke-PC\Yusuke,1485259499321
2,..,20161020_DeviceREST,CreateRest.class,,,,,,,,,,,,,,,,,,4176,Yusuke-PC\Yusuke,1476930308708
2,..,20161020_DeviceREST,CreateRest.java,,,,,,,,,,,,,,,,,,4665,Yusuke-PC\Yusuke,1485259499324
2,..,20161020_DeviceREST,Logger.class,,,,,,,,,,,,,,,,,,917,Yusuke-PC\Yusuke,1476928972680
2,..,20161020_DeviceREST,Logger.java,,,,,,,,,,,,,,,,,,816,Yusuke-PC\Yusuke,1485259499326
2,..,20161020_DeviceREST,MeasureRest.class,,,,,,,,,,,,,,,,,,4392,Yusuke-PC\Yusuke,1477013520018
2,..,20161020_DeviceREST,MeasureRest.java,,,,,,,,,,,,,,,,,,5161,Yusuke-PC\Yusuke,1485259499328
2,..,20161020_DeviceREST,platform.txt,,,,,,,,,,,,,,,,,,7995,Yusuke-PC\Yusuke,1477023393655
2,..,20161020_DeviceREST,Rest.class,,,,,,,,,,,,,,,,,,4462,Yusuke-PC\Yusuke,1477023185935
2,..,20161020_DeviceREST,Rest.java,,,,,,,,,,,,,,,,,,5312,Yusuke-PC\Yusuke,1485259499331
2,..,20161020_DeviceREST,デバイス情報.txt,,,,,,,,,,,,,,,,,,3147,Yusuke-PC\Yusuke,1476930848256
1,..,20161020_DeviceREST,,,,,,,,,,,,,,,,,,,41043,Yusuke-PC\Yusuke,1485259499329
2,..,20161021_YSDevice,AgentからのdeviceCredentials.txt,,,,,,,,,,,,,,,,,,1255,Yusuke-PC\Yusuke,1477275976892
2,..,20161021_YSDevice,Rest$Response.class,,,,,,,,,,,,,,,,,,642,Yusuke-PC\Yusuke,1478839249873
2,..,20161021_YSDevice,Rest.class,,,,,,,,,,,,,,,,,,4718,Yusuke-PC\Yusuke,1478839249897
2,..,20161021_YSDevice,Rest.java,,,,,,,,,,,,,,,,,,6761,Yusuke-PC\Yusuke,1485259499333
2,..,20161021_YSDevice,S0.class,,,,,,,,,,,,,,,,,,975,Yusuke-PC\Yusuke,1478839334969
2,..,20161021_YSDevice,S0.java,,,,,,,,,,,,,,,,,,3562,Yusuke-PC\Yusuke,1485259499335
2,..,20161021_YSDevice,S1.class,,,,,,,,,,,,,,,,,,607,Yusuke-PC\Yusuke,1477291844361
2,..,20161021_YSDevice,S1.java,,,,,,,,,,,,,,,,,,2132,Yusuke-PC\Yusuke,1485259499337
2,..,20161021_YSDevice,S2.class,,,,,,,,,,,,,,,,,,1197,Yusuke-PC\Yusuke,1477291381973
2,..,20161021_YSDevice,S2.java,,,,,,,,,,,,,,,,,,2666,Yusuke-PC\Yusuke,1485259499339
2,..,20161021_YSDevice,S2result.txt,,,,,,,,,,,,,,,,,,1083,Yusuke-PC\Yusuke,1477277632006
2,..,20161021_YSDevice,S3.class,,,,,,,,,,,,,,,,,,818,Yusuke-PC\Yusuke,1477291907062
2,..,20161021_YSDevice,S3.java,,,,,,,,,,,,,,,,,,891,Yusuke-PC\Yusuke,1485259499341
2,..,20161021_YSDevice,S3result.txt,,,,,,,,,,,,,,,,,,296,Yusuke-PC\Yusuke,1477288598762
2,..,20161021_YSDevice,S4.class,,,,,,,,,,,,,,,,,,976,Yusuke-PC\Yusuke,1478072503671
2,..,20161021_YSDevice,S4.java,,,,,,,,,,,,,,,,,,3446,Yusuke-PC\Yusuke,1485259499343
2,..,20161021_YSDevice,S4result.txt,,,,,,,,,,,,,,,,,,1368,Yusuke-PC\Yusuke,1478072581778
2,..,20161021_YSDevice,S4result.txt.parsed.txt,,,,,,,,,,,,,,,,,,1712,Yusuke-PC\Yusuke,1478072590221
2,..,20161021_YSDevice,S5.class,,,,,,,,,,,,,,,,,,1040,Yusuke-PC\Yusuke,1477293821655
2,..,20161021_YSDevice,S5.java,,,,,,,,,,,,,,,,,,2064,Yusuke-PC\Yusuke,1485259499345
2,..,20161021_YSDevice,S5result.txt,,,,,,,,,,,,,,,,,,5358,Yusuke-PC\Yusuke,1477293842246
2,..,20161021_YSDevice,t1.class,,,,,,,,,,,,,,,,,,786,Yusuke-PC\Yusuke,1477273338678
2,..,20161021_YSDevice,t1.java,,,,,,,,,,,,,,,,,,329,Yusuke-PC\Yusuke,1477273334320
1,..,20161021_YSDevice,,,,,,,,,,,,,,,,,,,44682,Yusuke-PC\Yusuke,1485259499344
2,..,20161102_YSDeviceAgent,Device - コピー.conf,,,,,,,,,,,,,,,,,,134,Yusuke-PC\Yusuke,1478847776551
2,..,20161102_YSDeviceAgent,Device.class,,,,,,,,,,,,,,,,,,7262,Yusuke-PC\Yusuke,1478852513717
2,..,20161102_YSDeviceAgent,Device.conf,,,,,,,,,,,,,,,,,,1510,Yusuke-PC\Yusuke,1479081142613
2,..,20161102_YSDeviceAgent,Device.java,,,,,,,,,,,,,,,,,,9400,Yusuke-PC\Yusuke,1485259499348
2,..,20161102_YSDeviceAgent,Device2.class,,,,,,,,,,,,,,,,,,7149,Yusuke-PC\Yusuke,1479114529190
2,..,20161102_YSDeviceAgent,Device2.java,,,,,,,,,,,,,,,,,,8634,Yusuke-PC\Yusuke,1485259499351
2,..,20161102_YSDeviceAgent,OperationListener.java,,,,,,,,,,,,,,,,,,529,Yusuke-PC\Yusuke,1478849730407
2,..,20161102_YSDeviceAgent,Rest$Response.class,,,,,,,,,,,,,,,,,,955,Yusuke-PC\Yusuke,1478839341967
2,..,20161102_YSDeviceAgent,Rest.class,,,,,,,,,,,,,,,,,,6422,Yusuke-PC\Yusuke,1478839341996
2,..,20161102_YSDeviceAgent,Rest.java,,,,,,,,,,,,,,,,,,11056,Yusuke-PC\Yusuke,1485259499354
1,..,20161102_YSDeviceAgent,,,,,,,,,,,,,,,,,,,53051,Yusuke-PC\Yusuke,1485259499352
2,..,20161115_Measurement取得,Getm.class,,,,,,,,,,,,,,,,,,2585,Yusuke-PC\Yusuke,1479189503851
2,..,20161115_Measurement取得,Getm.java,,,,,,,,,,,,,,,,,,1636,Yusuke-PC\Yusuke,1485259499356
2,..,20161115_Measurement取得,Getm2.class,,,,,,,,,,,,,,,,,,1612,Yusuke-PC\Yusuke,1479196215082
2,..,20161115_Measurement取得,Getm2.java,,,,,,,,,,,,,,,,,,1700,Yusuke-PC\Yusuke,1485259499358
2,..,20161115_Measurement取得,Rest$Response.class,,,,,,,,,,,,,,,,,,1207,Yusuke-PC\Yusuke,1479178910250
2,..,20161115_Measurement取得,Rest.class,,,,,,,,,,,,,,,,,,7058,Yusuke-PC\Yusuke,1479178910266
2,..,20161115_Measurement取得,Rest.java,,,,,,,,,,,,,,,,,,12096,Yusuke-PC\Yusuke,1485259499361
2,..,20161115_Measurement取得,result.txt,,,,,,,,,,,,,,,,,,369,Yusuke-PC\Yusuke,1479189424569
1,..,20161115_Measurement取得,,,,,,,,,,,,,,,,,,,28263,Yusuke-PC\Yusuke,1485259499358
2,..,20161209_measurementサイズ,Device.conf,,,,,,,,,,,,,,,,,,2015,Yusuke-PC\Yusuke,1485259499363
2,..,20161209_measurementサイズ,Device2.java,,,,,,,,,,,,,,,,,,10699,Yusuke-PC\Yusuke,1485259499365
2,..,20161209_measurementサイズ,Meas.class,,,,,,,,,,,,,,,,,,1797,Yusuke-PC\Yusuke,1485259499368
2,..,20161209_measurementサイズ,Meas.java,,,,,,,,,,,,,,,,,,859,Yusuke-PC\Yusuke,1485259499370
2,..,20161209_measurementサイズ,measurement_sample.txt,,,,,,,,,,,,,,,,,,209,Yusuke-PC\Yusuke,1485259499371
1,..,20161209_measurementサイズ,,,,,,,,,,,,,,,,,,,15579,Yusuke-PC\Yusuke,1488883185147
2,..,20161212_YSDeviceAgent2,Device.conf,,,,,,,,,,,,,,,,,,2015,Yusuke-PC\Yusuke,1485259499374
2,..,20161212_YSDeviceAgent2,Device2.class,,,,,,,,,,,,,,,,,,8917,Yusuke-PC\Yusuke,1485259499376
2,..,20161212_YSDeviceAgent2,Device2.java,,,,,,,,,,,,,,,,,,10798,Yusuke-PC\Yusuke,1497828648220
2,..,20161212_YSDeviceAgent2,OperationEvent.java,,,,,,,,,,,,,,,,,,506,Yusuke-PC\Yusuke,1485259499380
2,..,20161212_YSDeviceAgent2,OperationListener.java,,,,,,,,,,,,,,,,,,256,Yusuke-PC\Yusuke,1485259499382
2,..,20161212_YSDeviceAgent2,OperationWatcher.java,,,,,,,,,,,,,,,,,,1532,Yusuke-PC\Yusuke,1485259499384
1,..,20161212_YSDeviceAgent2,,,,,,,,,,,,,,,,,,,24024,Yusuke-PC\Yusuke,1486333745005
2,..,20161226_tenantStatistics,TenantStats.class,,,,,,,,,,,,,,,,,,2002,Yusuke-PC\Yusuke,1485259499386
2,..,20161226_tenantStatistics,TenantStats.java,,,,,,,,,,,,,,,,,,1033,Yusuke-PC\Yusuke,1485259499388
2,..,20161226_tenantStatistics,tenantStats.txt,,,,,,,,,,,,,,,,,,284374,Yusuke-PC\Yusuke,1485259499391
1,..,20161226_tenantStatistics,,,,,,,,,,,,,,,,,,,287409,Yusuke-PC\Yusuke,1485259499390
2,..,20161226_user,Test.txt,,,,,,,,,,,,,,,,,,106187,Yusuke-PC\Yusuke,1485259499394
2,..,20161226_user,UserTest.class,,,,,,,,,,,,,,,,,,2155,Yusuke-PC\Yusuke,1485259499396
2,..,20161226_user,UserTest.java,,,,,,,,,,,,,,,,,,1161,Yusuke-PC\Yusuke,1485259499398
2,..,20161226_user,UserTest.txt,,,,,,,,,,,,,,,,,,1468,Yusuke-PC\Yusuke,1485259499400
1,..,20161226_user,,,,,,,,,,,,,,,,,,,110971,Yusuke-PC\Yusuke,1485259499398
2,..,20170404_mdリンクチェック,check.txt,,,,,,,,,,,,,,,,,,49956,Yusuke-PC\Yusuke,1491372455589
2,..,20170404_mdリンクチェック,check0407.txt,,,,,,,,,,,,,,,,,,51388,Yusuke-PC\Yusuke,1491537824186
2,..,20170404_mdリンクチェック,check170912.txt,,,,,,,,,,,,,,,,,,59536,Yusuke-PC\Yusuke,1505181468199
2,..,20170404_mdリンクチェック,check170912_2.txt,,,,,,,,,,,,,,,,,,54828,Yusuke-PC\Yusuke,1505182754522
2,..,20170404_mdリンクチェック,check_画像.txt,,,,,,,,,,,,,,,,,,49956,Yusuke-PC\Yusuke,1491372467447
2,..,20170404_mdリンクチェック,MdLinkChecker$Link.class,,,,,,,,,,,,,,,,,,329,Yusuke-PC\Yusuke,1491368010390
2,..,20170404_mdリンクチェック,MdLinkChecker.class,,,,,,,,,,,,,,,,,,6341,Yusuke-PC\Yusuke,1491368010421
2,..,20170404_mdリンクチェック,MdLinkChecker.java,,,,,,,,,,,,,,,,,,7188,Yusuke-PC\Yusuke,1491368007153
1,..,20170404_mdリンクチェック,,,,,,,,,,,,,,,,,,,279522,Yusuke-PC\Yusuke,1505181473777
4,..,20170501_python,chainer勉強,iris,code.py,,,,,,,,,,,,,,,,4424,Yusuke-PC\Yusuke,1494196826718
4,..,20170501_python,chainer勉強,iris,iris.csv,,,,,,,,,,,,,,,,3898,Yusuke-PC\Yusuke,1494196826720
4,..,20170501_python,chainer勉強,iris,iris.data,,,,,,,,,,,,,,,,4700,Yusuke-PC\Yusuke,1494196826722
4,..,20170501_python,chainer勉強,iris,tut.py,,,,,,,,,,,,,,,,5328,Yusuke-PC\Yusuke,1494196826724
5,..,20170501_python,chainer勉強,iris,tut_result,accuracy.png,,,,,,,,,,,,,,,45980,Yusuke-PC\Yusuke,1494196826728
5,..,20170501_python,chainer勉強,iris,tut_result,cg.dot,,,,,,,,,,,,,,,2425,Yusuke-PC\Yusuke,1494196826730
5,..,20170501_python,chainer勉強,iris,tut_result,log,,,,,,,,,,,,,,,6021,Yusuke-PC\Yusuke,1494196826732
5,..,20170501_python,chainer勉強,iris,tut_result,loss.png,,,,,,,,,,,,,,,39088,Yusuke-PC\Yusuke,1494196826735
4,..,20170501_python,chainer勉強,iris,tut_result,,,,,,,,,,,,,,,,93514,Yusuke-PC\Yusuke,1494196826734
3,..,20170501_python,chainer勉強,iris,,,,,,,,,,,,,,,,,111864,Yusuke-PC\Yusuke,1494196826725
4,..,20170501_python,chainer勉強,result,cg.dot,,,,,,,,,,,,,,,,2459,Yusuke-PC\Yusuke,1494196826738
3,..,20170501_python,chainer勉強,result,,,,,,,,,,,,,,,,,2459,Yusuke-PC\Yusuke,1494196826736
4,..,20170501_python,chainer勉強,result170503,accuracy.png,,,,,,,,,,,,,,,,34292,Yusuke-PC\Yusuke,1494196826741
4,..,20170501_python,chainer勉強,result170503,cg.dot,,,,,,,,,,,,,,,,2459,Yusuke-PC\Yusuke,1494196826743
4,..,20170501_python,chainer勉強,result170503,log,,,,,,,,,,,,,,,,6172,Yusuke-PC\Yusuke,1494196826746
4,..,20170501_python,chainer勉強,result170503,loss.png,,,,,,,,,,,,,,,,37365,Yusuke-PC\Yusuke,1494196826749
3,..,20170501_python,chainer勉強,result170503,,,,,,,,,,,,,,,,,80288,Yusuke-PC\Yusuke,1494196826748
3,..,20170501_python,chainer勉強,resume.bat,,,,,,,,,,,,,,,,,68,Yusuke-PC\Yusuke,1494196826751
3,..,20170501_python,chainer勉強,train_mnist.py,,,,,,,,,,,,,,,,,5255,Yusuke-PC\Yusuke,1494196826754
3,..,20170501_python,chainer勉強,tutorial.py,,,,,,,,,,,,,,,,,558,Yusuke-PC\Yusuke,1494196826756
2,..,20170501_python,chainer勉強,,,,,,,,,,,,,,,,,,200492,Yusuke-PC\Yusuke,1494196826755
2,..,20170501_python,chainer手順.md,,,,,,,,,,,,,,,,,,895,Yusuke-PC\Yusuke,1494196826758
2,..,20170501_python,matplotlib1.png,,,,,,,,,,,,,,,,,,24783,Yusuke-PC\Yusuke,1494196826762
3,..,20170501_python,py勉強,kazu.py,,,,,,,,,,,,,,,,,748,Yusuke-PC\Yusuke,1494196826764
4,..,20170501_python,py勉強,matplotlib勉強,plot.py,,,,,,,,,,,,,,,,139,Yusuke-PC\Yusuke,1494196826767
3,..,20170501_python,py勉強,matplotlib勉強,,,,,,,,,,,,,,,,,139,Yusuke-PC\Yusuke,1494196826767
3,..,20170501_python,py勉強,mnist.py,,,,,,,,,,,,,,,,,5525,Yusuke-PC\Yusuke,1494196826770
4,..,20170501_python,py勉強,numpy勉強,np.py,,,,,,,,,,,,,,,,2451,Yusuke-PC\Yusuke,1494196826773
3,..,20170501_python,py勉強,numpy勉強,,,,,,,,,,,,,,,,,2451,Yusuke-PC\Yusuke,1494196826772
3,..,20170501_python,py勉強,test_small.csv,,,,,,,,,,,,,,,,,371608,Yusuke-PC\Yusuke,1494196826800
3,..,20170501_python,py勉強,train_partial.csv,,,,,,,,,,,,,,,,,371597,Yusuke-PC\Yusuke,1494196826828
2,..,20170501_python,py勉強,,,,,,,,,,,,,,,,,,752068,Yusuke-PC\Yusuke,1494196826804
2,..,20170501_python,手順.md,,,,,,,,,,,,,,,,,,472,Yusuke-PC\Yusuke,1494196826830
1,..,20170501_python,,,,,,,,,,,,,,,,,,,978710,Yusuke-PC\Yusuke,1494196826829
2,..,20170525_Event取得、csv出力,e.csv,,,,,,,,,,,,,,,,,,158090,Yusuke-PC\Yusuke,1495661418993
2,..,20170525_Event取得、csv出力,e2.csv,,,,,,,,,,,,,,,,,,190792,Yusuke-PC\Yusuke,1495674103673
2,..,20170525_Event取得、csv出力,ev2.csv,,,,,,,,,,,,,,,,,,2299848,Yusuke-PC\Yusuke,1497316011001
2,..,20170525_Event取得、csv出力,ev2.zip,,,,,,,,,,,,,,,,,,127388,Yusuke-PC\Yusuke,1497316031641
2,..,20170525_Event取得、csv出力,ev20170705.csv,,,,,,,,,,,,,,,,,,4443732,Yusuke-PC\Yusuke,1499222329458
2,..,20170525_Event取得、csv出力,event.csv,,,,,,,,,,,,,,,,,,123126,Yusuke-PC\Yusuke,1495660233637
2,..,20170525_Event取得、csv出力,EventGet.class,,,,,,,,,,,,,,,,,,2232,Yusuke-PC\Yusuke,1495674091825
2,..,20170525_Event取得、csv出力,EventGet.java,,,,,,,,,,,,,,,,,,2396,Yusuke-PC\Yusuke,1495668532471
1,..,20170525_Event取得、csv出力,,,,,,,,,,,,,,,,,,,7347604,Yusuke-PC\Yusuke,1506937405924
4,..,20170629_JSでsvg,html,cmn,bicycle.css,,,,,,,,,,,,,,,,1064,Yusuke-PC\Yusuke,1498733221221
4,..,20170629_JSでsvg,html,cmn,d3.min.js,,,,,,,,,,,,,,,,151729,Yusuke-PC\Yusuke,1478491517904
4,..,20170629_JSでsvg,html,cmn,drawsvg.js,,,,,,,,,,,,,,,,820,Yusuke-PC\Yusuke,1498733318368
3,..,20170629_JSでsvg,html,cmn,,,,,,,,,,,,,,,,,153613,Yusuke-PC\Yusuke,1499415097641
3,..,20170629_JSでsvg,html,index.html,,,,,,,,,,,,,,,,,557,Yusuke-PC\Yusuke,1498732625508
2,..,20170629_JSでsvg,html,,,,,,,,,,,,,,,,,,154170,Yusuke-PC\Yusuke,1499415097544
4,..,20170629_JSでsvg,svg例,170707ng-class利用,BasClassRect.svg,,,,,,,,,,,,,,,,1333,Yusuke-PC\Yusuke,1499640265931
4,..,20170629_JSでsvg,svg例,170707ng-class利用,BasScadaDemo.svg,,,,,,,,,,,,,,,,6103,Yusuke-PC\Yusuke,1499640265934
4,..,20170629_JSでsvg,svg例,170707ng-class利用,ClassRect.svg,,,,,,,,,,,,,,,,1080,Yusuke-PC\Yusuke,1499409605482
4,..,20170629_JSでsvg,svg例,170707ng-class利用,ClassRect2.svg,,,,,,,,,,,,,,,,2076,Yusuke-PC\Yusuke,1499640265938
4,..,20170629_JSでsvg,svg例,170707ng-class利用,createSniplet.py,,,,,,,,,,,,,,,,952,Yusuke-PC\Yusuke,1499640265940
4,..,20170629_JSでsvg,svg例,170707ng-class利用,scadademo.svg,,,,,,,,,,,,,,,,6238,Yusuke-PC\Yusuke,1477456387363
3,..,20170629_JSでsvg,svg例,170707ng-class利用,,,,,,,,,,,,,,,,,17782,Yusuke-PC\Yusuke,1499640265939
3,..,20170629_JSでsvg,svg例,Rect.svg,,,,,,,,,,,,,,,,,274,Yusuke-PC\Yusuke,1498785468764
3,..,20170629_JSでsvg,svg例,Rect2x2の4色.svg,,,,,,,,,,,,,,,,,474,Yusuke-PC\Yusuke,1498785367813
3,..,20170629_JSでsvg,svg例,ScriptedRect.svg,,,,,,,,,,,,,,,,,731,Yusuke-PC\Yusuke,1498804714638
3,..,20170629_JSでsvg,svg例,ScriptedRect2.svg,,,,,,,,,,,,,,,,,748,Yusuke-PC\Yusuke,1498806044690
3,..,20170629_JSでsvg,svg例,ScriptedRect3.svg,,,,,,,,,,,,,,,,,529,Yusuke-PC\Yusuke,1498807594393
2,..,20170629_JSでsvg,svg例,,,,,,,,,,,,,,,,,,20538,Yusuke-PC\Yusuke,1499415097682
1,..,20170629_JSでsvg,,,,,,,,,,,,,,,,,,,174708,Yusuke-PC\Yusuke,1499415097646
2,..,20170726_js,EvalScript.class,,,,,,,,,,,,,,,,,,647,Yusuke-PC\Yusuke,1501050995573
2,..,20170726_js,EvalScript.java,,,,,,,,,,,,,,,,,,403,Yusuke-PC\Yusuke,1501050988191
2,..,20170726_js,imp - コピー.js,,,,,,,,,,,,,,,,,,888,Yusuke-PC\Yusuke,1501054284614
2,..,20170726_js,imp.js,,,,,,,,,,,,,,,,,,1832,Yusuke-PC\Yusuke,1501492223834
1,..,20170726_js,,,,,,,,,,,,,,,,,,,3770,Yusuke-PC\Yusuke,1505096858595
2,..,20170823_UBIデモ,c2j.txt,,,,,,,,,,,,,,,,,,2974,Yusuke-PC\Yusuke,1503914980206
2,..,20170823_UBIデモ,C8yConnector.class,,,,,,,,,,,,,,,,,,4331,Yusuke-PC\Yusuke,1504774567823
2,..,20170823_UBIデモ,C8yConnector.java,,,,,,,,,,,,,,,,,,5179,Yusuke-PC\Yusuke,1504604606274
2,..,20170823_UBIデモ,CarData.csv,,,,,,,,,,,,,,,,,,1209,Yusuke-PC\Yusuke,1504053107130
2,..,20170823_UBIデモ,CarDemoDataMaker$OrbitSender.class,,,,,,,,,,,,,,,,,,2726,Yusuke-PC\Yusuke,1504774567729
2,..,20170823_UBIデモ,CarDemoDataMaker.class,,,,,,,,,,,,,,,,,,11615,Yusuke-PC\Yusuke,1504774567776
2,..,20170823_UBIデモ,CarDemoDataMaker.java,,,,,,,,,,,,,,,,,,17587,Yusuke-PC\Yusuke,1504774742152
2,..,20170823_UBIデモ,CarDemoDataReader.class,,,,,,,,,,,,,,,,,,2343,Yusuke-PC\Yusuke,1503914915869
2,..,20170823_UBIデモ,Csv2Json.class,,,,,,,,,,,,,,,,,,2325,Yusuke-PC\Yusuke,1503969752947
2,..,20170823_UBIデモ,Csv2Json.java,,,,,,,,,,,,,,,,,,2103,Yusuke-PC\Yusuke,1503961285198
2,..,20170823_UBIデモ,HKSMeasurement.class,,,,,,,,,,,,,,,,,,771,Yusuke-PC\Yusuke,1504774567823
2,..,20170823_UBIデモ,HKSMeasurement.java,,,,,,,,,,,,,,,,,,869,Yusuke-PC\Yusuke,1504055977958
3,..,20170823_UBIデモ,images,alfaRomeo.jpg,,,,,,,,,,,,,,,,,36083,Yusuke-PC\Yusuke,1498623272888
3,..,20170823_UBIデモ,images,fiat.jpg,,,,,,,,,,,,,,,,,52706,Yusuke-PC\Yusuke,1498623260422
3,..,20170823_UBIデモ,images,golfplus.jpg,,,,,,,,,,,,,,,,,67653,Yusuke-PC\Yusuke,1498623246260
3,..,20170823_UBIデモ,images,prius.jpg,,,,,,,,,,,,,,,,,11153,Yusuke-PC\Yusuke,1504049168145
3,..,20170823_UBIデモ,images,serena.jpg,,,,,,,,,,,,,,,,,58568,Yusuke-PC\Yusuke,1498623231194
3,..,20170823_UBIデモ,images,vitz.jpg,,,,,,,,,,,,,,,,,24922,Yusuke-PC\Yusuke,1498623216027
3,..,20170823_UBIデモ,images,vitz.png,,,,,,,,,,,,,,,,,45630,Yusuke-PC\Yusuke,1498623187344
2,..,20170823_UBIデモ,images,,,,,,,,,,,,,,,,,,296715,Yusuke-PC\Yusuke,1506937398564
2,..,20170823_UBIデモ,九州.txt,,,,,,,,,,,,,,,,,,3323,Yusuke-PC\Yusuke,1498617880457
2,..,20170823_UBIデモ,北海道動物園.txt,,,,,,,,,,,,,,,,,,9251,Yusuke-PC\Yusuke,1498617631602
2,..,20170823_UBIデモ,大阪のあたり.txt,,,,,,,,,,,,,,,,,,3876,Yusuke-PC\Yusuke,1498615885369
2,..,20170823_UBIデモ,神谷町、日比谷ビル.txt,,,,,,,,,,,,,,,,,,4823,Yusuke-PC\Yusuke,1503996570162
2,..,20170823_UBIデモ,関東北の方.txt,,,,,,,,,,,,,,,,,,4185,Yusuke-PC\Yusuke,1498615871965
2,..,20170823_UBIデモ,高井戸から日比谷ビル。高速道路を利用.txt,,,,,,,,,,,,,,,,,,2028,Yusuke-PC\Yusuke,1498615878970
1,..,20170823_UBIデモ,,,,,,,,,,,,,,,,,,,378233,Yusuke-PC\Yusuke,1506937398537
2,..,20170904_リアルタイム通知,prodResult.txt,,,,,,,,,,,,,,,,,,8573,Yusuke-PC\Yusuke,1506332054960
2,..,20170904_リアルタイム通知,result.txt,,,,,,,,,,,,,,,,,,2208,Yusuke-PC\Yusuke,1504609548667
2,..,20170904_リアルタイム通知,Rtest.class,,,,,,,,,,,,,,,,,,3709,Yusuke-PC\Yusuke,1506320968959
2,..,20170904_リアルタイム通知,Rtest.java,,,,,,,,,,,,,,,,,,2476,Yusuke-PC\Yusuke,1506920189049
2,..,20170904_リアルタイム通知,Rtest2.class,,,,,,,,,,,,,,,,,,4479,Yusuke-PC\Yusuke,1506922521063
2,..,20170904_リアルタイム通知,Rtest2.java,,,,,,,,,,,,,,,,,,4095,Yusuke-PC\Yusuke,1506923562756
1,..,20170904_リアルタイム通知,,,,,,,,,,,,,,,,,,,25540,Yusuke-PC\Yusuke,1506937398586
0,..,,,,,,,,,,,,,,,,,,,,12451191,Yusuke-PC\Yusuke,1509316379324
2,.,csv,list20171030.csv,,,,,,,,,,,,,,,,,,0,Yusuke-PC\Yusuke,1509349408023
1,.,csv,,,,,,,,,,,,,,,,,,,0,Yusuke-PC\Yusuke,1509327258802
1,.,DeletedFilePicker.class,,,,,,,,,,,,,,,,,,,2841,Yusuke-PC\Yusuke,1509316379359
1,.,DeletedFilePicker.java,,,,,,,,,,,,,,,,,,,3376,Yusuke-PC\Yusuke,1509316379377
3,.,FileChart,cmn,bootstrap.css,,,,,,,,,,,,,,,,,142850,Yusuke-PC\Yusuke,1509316379492
3,.,FileChart,cmn,d3.min.js,,,,,,,,,,,,,,,,,151729,Yusuke-PC\Yusuke,1509316379598
3,.,FileChart,cmn,line.js,,,,,,,,,,,,,,,,,1341,Yusuke-PC\Yusuke,1509316379617
3,.,FileChart,cmn,new_nv.d3.js,,,,,,,,,,,,,,,,,562042,Yusuke-PC\Yusuke,1509316379822
3,.,FileChart,cmn,nv.d3.css,,,,,,,,,,,,,,,,,13603,Yusuke-PC\Yusuke,1509316379854
3,.,FileChart,cmn,nv.d3.js,,,,,,,,,,,,,,,,,462528,Yusuke-PC\Yusuke,1509316380022
3,.,FileChart,cmn,pie.js,,,,,,,,,,,,,,,,,483,Yusuke-PC\Yusuke,1509316380102
3,.,FileChart,cmn,scatter.js,,,,,,,,,,,,,,,,,934,Yusuke-PC\Yusuke,1509316380142
3,.,FileChart,cmn,stackArea.js,,,,,,,,,,,,,,,,,1209,Yusuke-PC\Yusuke,1509316380162
3,.,FileChart,cmn,table.js,,,,,,,,,,,,,,,,,989,Yusuke-PC\Yusuke,1509316380182
2,.,FileChart,cmn,,,,,,,,,,,,,,,,,,1337708,Yusuke-PC\Yusuke,1509316380163
2,.,FileChart,FileChart.html,,,,,,,,,,,,,,,,,,2777,Yusuke-PC\Yusuke,1509316379429
3,.,FileChart,images,grey-minus.png,,,,,,,,,,,,,,,,,290,Yusuke-PC\Yusuke,1509316380206
3,.,FileChart,images,grey-plus.png,,,,,,,,,,,,,,,,,325,Yusuke-PC\Yusuke,1509316380224
2,.,FileChart,images,,,,,,,,,,,,,,,,,,615,Yusuke-PC\Yusuke,1509316380206
1,.,FileChart,,,,,,,,,,,,,,,,,,,1341100,Yusuke-PC\Yusuke,1509316380182
1,.,FileLister.bat,,,,,,,,,,,,,,,,,,,51,Yusuke-PC\Yusuke,1509349404344
1,.,FileLister.class,,,,,,,,,,,,,,,,,,,3521,Yusuke-PC\Yusuke,1509316380228
1,.,FileLister.java,,,,,,,,,,,,,,,,,,,2904,Yusuke-PC\Yusuke,1509316380255
1,.,MakeFileUsage$1.class,,,,,,,,,,,,,,,,,,,1041,Yusuke-PC\Yusuke,1509316380262
1,.,MakeFileUsage.bat,,,,,,,,,,,,,,,,,,,47,Yusuke-PC\Yusuke,1509316380287
1,.,MakeFileUsage.class,,,,,,,,,,,,,,,,,,,12027,Yusuke-PC\Yusuke,1509316380343
1,.,MakeFileUsage.java,,,,,,,,,,,,,,,,,,,13196,Yusuke-PC\Yusuke,1509316380395
1,.,tclib-0.9.jar,,,,,,,,,,,,,,,,,,,155123,Yusuke-PC\Yusuke,1509327075846
0,.,,,,,,,,,,,,,,,,,,,,1535227,Yusuke-PC\Yusuke,1509327256395
2,..,160606_diffUtils,a.txt,,,,,,,,,,,,,,,,,,35,Yusuke-PC\Yusuke,1485259499115
2,..,160606_diffUtils,b.txt,,,,,,,,,,,,,,,,,,28,Yusuke-PC\Yusuke,1485259499116
2,..,160606_diffUtils,DiffTest.bat,,,,,,,,,,,,,,,,,,219,Yusuke-PC\Yusuke,1485259499109
2,..,160606_diffUtils,DiffTest.class,,,,,,,,,,,,,,,,,,2002,Yusuke-PC\Yusuke,1485259499110
2,..,160606_diffUtils,DiffTest.java,,,,,,,,,,,,,,,,,,1353,Yusuke-PC\Yusuke,1485259499111
2,..,160606_diffUtils,diffutils-1.2.1.jar,,,,,,,,,,,,,,,,,,30360,Yusuke-PC\Yusuke,1485259499132
3,..,160606_diffUtils,docs,allclasses-frame.html,,,,,,,,,,,,,,,,,3297,Yusuke-PC\Yusuke,1485259499134
3,..,160606_diffUtils,docs,allclasses-noframe.html,,,,,,,,,,,,,,,,,2837,Yusuke-PC\Yusuke,1485259499135
3,..,160606_diffUtils,docs,constant-values.html,,,,,,,,,,,,,,,,,3943,Yusuke-PC\Yusuke,1485259499137
3,..,160606_diffUtils,docs,deprecated-list.html,,,,,,,,,,,,,,,,,3892,Yusuke-PC\Yusuke,1485259499138
4,..,160606_diffUtils,docs,difflib,ChangeDelta.html,,,,,,,,,,,,,,,,16399,Yusuke-PC\Yusuke,1485259499140
4,..,160606_diffUtils,docs,difflib,Chunk.html,,,,,,,,,,,,,,,,15897,Yusuke-PC\Yusuke,1485259499141
4,..,160606_diffUtils,docs,difflib,DeleteDelta.html,,,,,,,,,,,,,,,,16789,Yusuke-PC\Yusuke,1485259499142
4,..,160606_diffUtils,docs,difflib,Delta.html,,,,,,,,,,,,,,,,19024,Yusuke-PC\Yusuke,1485259499145
4,..,160606_diffUtils,docs,difflib,Delta.TYPE.html,,,,,,,,,,,,,,,,13305,Yusuke-PC\Yusuke,1485259499144
4,..,160606_diffUtils,docs,difflib,DeltaComparator.html,,,,,,,,,,,,,,,,11264,Yusuke-PC\Yusuke,1485259499147
4,..,160606_diffUtils,docs,difflib,DiffAlgorithm.html,,,,,,,,,,,,,,,,10342,Yusuke-PC\Yusuke,1485259499148
4,..,160606_diffUtils,docs,difflib,DiffException.html,,,,,,,,,,,,,,,,9390,Yusuke-PC\Yusuke,1485259499149
4,..,160606_diffUtils,docs,difflib,DiffRow.html,,,,,,,,,,,,,,,,15856,Yusuke-PC\Yusuke,1485259499152
4,..,160606_diffUtils,docs,difflib,DiffRow.Tag.html,,,,,,,,,,,,,,,,13758,Yusuke-PC\Yusuke,1485259499151
4,..,160606_diffUtils,docs,difflib,DiffRowGenerator.Builder.html,,,,,,,,,,,,,,,,19460,Yusuke-PC\Yusuke,1485259499154
4,..,160606_diffUtils,docs,difflib,DiffRowGenerator.html,,,,,,,,,,,,,,,,16204,Yusuke-PC\Yusuke,1485259499155
4,..,160606_diffUtils,docs,difflib,DiffUtils.html,,,,,,,,,,,,,,,,18161,Yusuke-PC\Yusuke,1485259499157
4,..,160606_diffUtils,docs,difflib,InsertDelta.html,,,,,,,,,,,,,,,,16794,Yusuke-PC\Yusuke,1485259499158
5,..,160606_diffUtils,docs,difflib,myers,DifferentiationFailedException.html,,,,,,,,,,,,,,,10041,Yusuke-PC\Yusuke,1485259499167
5,..,160606_diffUtils,docs,difflib,myers,DiffException.html,,,,,,,,,,,,,,,9590,Yusuke-PC\Yusuke,1485259499164
5,..,160606_diffUtils,docs,difflib,myers,DiffNode.html,,,,,,,,,,,,,,,13481,Yusuke-PC\Yusuke,1485259499166
5,..,160606_diffUtils,docs,difflib,myers,MyersDiff.html,,,,,,,,,,,,,,,19711,Yusuke-PC\Yusuke,1485259499169
5,..,160606_diffUtils,docs,difflib,myers,package-frame.html,,,,,,,,,,,,,,,1427,Yusuke-PC\Yusuke,1485259499173
5,..,160606_diffUtils,docs,difflib,myers,package-summary.html,,,,,,,,,,,,,,,7656,Yusuke-PC\Yusuke,1485259499174
5,..,160606_diffUtils,docs,difflib,myers,package-tree.html,,,,,,,,,,,,,,,5804,Yusuke-PC\Yusuke,1485259499175
5,..,160606_diffUtils,docs,difflib,myers,PathNode.html,,,,,,,,,,,,,,,16813,Yusuke-PC\Yusuke,1485259499170
5,..,160606_diffUtils,docs,difflib,myers,Snake.html,,,,,,,,,,,,,,,12742,Yusuke-PC\Yusuke,1485259499172
4,..,160606_diffUtils,docs,difflib,myers,,,,,,,,,,,,,,,,97265,Yusuke-PC\Yusuke,1485259499175
4,..,160606_diffUtils,docs,difflib,package-frame.html,,,,,,,,,,,,,,,,2737,Yusuke-PC\Yusuke,1485259499177
4,..,160606_diffUtils,docs,difflib,package-summary.html,,,,,,,,,,,,,,,,10685,Yusuke-PC\Yusuke,1485259499178
4,..,160606_diffUtils,docs,difflib,package-tree.html,,,,,,,,,,,,,,,,7564,Yusuke-PC\Yusuke,1485259499179
4,..,160606_diffUtils,docs,difflib,Patch.html,,,,,,,,,,,,,,,,12505,Yusuke-PC\Yusuke,1485259499160
4,..,160606_diffUtils,docs,difflib,PatchFailedException.html,,,,,,,,,,,,,,,,9583,Yusuke-PC\Yusuke,1485259499161
4,..,160606_diffUtils,docs,difflib,StringUtills.html,,,,,,,,,,,,,,,,13390,Yusuke-PC\Yusuke,1485259499163
3,..,160606_diffUtils,docs,difflib,,,,,,,,,,,,,,,,,366372,Yusuke-PC\Yusuke,1485259499178
3,..,160606_diffUtils,docs,help-doc.html,,,,,,,,,,,,,,,,,10185,Yusuke-PC\Yusuke,1485259499181
3,..,160606_diffUtils,docs,index-all.html,,,,,,,,,,,,,,,,,51951,Yusuke-PC\Yusuke,1485259499183
3,..,160606_diffUtils,docs,index.html,,,,,,,,,,,,,,,,,3205,Yusuke-PC\Yusuke,1485259499185
3,..,160606_diffUtils,docs,overview-frame.html,,,,,,,,,,,,,,,,,904,Yusuke-PC\Yusuke,1485259499186
3,..,160606_diffUtils,docs,overview-summary.html,,,,,,,,,,,,,,,,,4811,Yusuke-PC\Yusuke,1485259499187
3,..,160606_diffUtils,docs,overview-tree.html,,,,,,,,,,,,,,,,,8495,Yusuke-PC\Yusuke,1485259499189
3,..,160606_diffUtils,docs,package-list,,,,,,,,,,,,,,,,,24,Yusuke-PC\Yusuke,1485259499190
3,..,160606_diffUtils,docs,script.js,,,,,,,,,,,,,,,,,857,Yusuke-PC\Yusuke,1485259499192
3,..,160606_diffUtils,docs,serialized-form.html,,,,,,,,,,,,,,,,,6069,Yusuke-PC\Yusuke,1485259499194
3,..,160606_diffUtils,docs,stylesheet.css,,,,,,,,,,,,,,,,,13382,Yusuke-PC\Yusuke,1485259499197
2,..,160606_diffUtils,docs,,,,,,,,,,,,,,,,,,480224,Yusuke-PC\Yusuke,1485259499195
2,..,160606_diffUtils,FileLister.java,,,,,,,,,,,,,,,,,,2222,Yusuke-PC\Yusuke,1485259499113
2,..,160606_diffUtils,FileLister2.java,,,,,,,,,,,,,,,,,,2662,Yusuke-PC\Yusuke,1485259499114
4,..,160606_diffUtils,src,difflib,ChangeDelta.java,,,,,,,,,,,,,,,,2707,Yusuke-PC\Yusuke,1485259499200
4,..,160606_diffUtils,src,difflib,Chunk.java,,,,,,,,,,,,,,,,4469,Yusuke-PC\Yusuke,1485259499202
4,..,160606_diffUtils,src,difflib,DeleteDelta.java,,,,,,,,,,,,,,,,2185,Yusuke-PC\Yusuke,1485259499203
4,..,160606_diffUtils,src,difflib,Delta.java,,,,,,,,,,,,,,,,4020,Yusuke-PC\Yusuke,1485259499205
4,..,160606_diffUtils,src,difflib,DeltaComparator.java,,,,,,,,,,,,,,,,681,Yusuke-PC\Yusuke,1485259499207
4,..,160606_diffUtils,src,difflib,DiffAlgorithm.java,,,,,,,,,,,,,,,,1559,Yusuke-PC\Yusuke,1485259499208
4,..,160606_diffUtils,src,difflib,DiffException.java,,,,,,,,,,,,,,,,1025,Yusuke-PC\Yusuke,1485259499210
4,..,160606_diffUtils,src,difflib,DiffRow.java,,,,,,,,,,,,,,,,3481,Yusuke-PC\Yusuke,1485259499211
4,..,160606_diffUtils,src,difflib,DiffRowGenerator.java,,,,,,,,,,,,,,,,16512,Yusuke-PC\Yusuke,1485259499214
4,..,160606_diffUtils,src,difflib,DiffUtils.java,,,,,,,,,,,,,,,,13728,Yusuke-PC\Yusuke,1485259499217
4,..,160606_diffUtils,src,difflib,InsertDelta.java,,,,,,,,,,,,,,,,2337,Yusuke-PC\Yusuke,1485259499219
5,..,160606_diffUtils,src,difflib,myers,DifferentiationFailedException.java,,,,,,,,,,,,,,,3371,Yusuke-PC\Yusuke,1485259499229
5,..,160606_diffUtils,src,difflib,myers,DiffException.java,,,,,,,,,,,,,,,3222,Yusuke-PC\Yusuke,1485259499225
5,..,160606_diffUtils,src,difflib,myers,DiffNode.java,,,,,,,,,,,,,,,1620,Yusuke-PC\Yusuke,1485259499227
5,..,160606_diffUtils,src,difflib,myers,MyersDiff.java,,,,,,,,,,,,,,,9801,Yusuke-PC\Yusuke,1485259499231
5,..,160606_diffUtils,src,difflib,myers,package.html,,,,,,,,,,,,,,,1535,Yusuke-PC\Yusuke,1485259499236
5,..,160606_diffUtils,src,difflib,myers,PathNode.java,,,,,,,,,,,,,,,5116,Yusuke-PC\Yusuke,1485259499233
5,..,160606_diffUtils,src,difflib,myers,Snake.java,,,,,,,,,,,,,,,3748,Yusuke-PC\Yusuke,1485259499235
4,..,160606_diffUtils,src,difflib,myers,,,,,,,,,,,,,,,,28413,Yusuke-PC\Yusuke,1485259499235
4,..,160606_diffUtils,src,difflib,package.html,,,,,,,,,,,,,,,,3155,Yusuke-PC\Yusuke,1485259499238
4,..,160606_diffUtils,src,difflib,Patch.java,,,,,,,,,,,,,,,,2458,Yusuke-PC\Yusuke,1485259499220
4,..,160606_diffUtils,src,difflib,PatchFailedException.java,,,,,,,,,,,,,,,,1058,Yusuke-PC\Yusuke,1485259499222
4,..,160606_diffUtils,src,difflib,StringUtills.java,,,,,,,,,,,,,,,,2754,Yusuke-PC\Yusuke,1485259499223
3,..,160606_diffUtils,src,difflib,,,,,,,,,,,,,,,,,90542,Yusuke-PC\Yusuke,1485259499237
2,..,160606_diffUtils,src,,,,,,,,,,,,,,,,,,90542,Yusuke-PC\Yusuke,1485259499198
1,..,160606_diffUtils,,,,,,,,,,,,,,,,,,,609647,Yusuke-PC\Yusuke,1485259499198
2,..,170109_C8yObject,AutoJavaMaker.class,,,,,,,,,,,,,,,,,,10993,Yusuke-PC\Yusuke,1485259499240
2,..,170109_C8yObject,AutoJavaMaker.java,,,,,,,,,,,,,,,,,,14118,Yusuke-PC\Yusuke,1485259499243
2,..,170109_C8yObject,README.txt,,,,,,,,,,,,,,,,,,106,Yusuke-PC\Yusuke,1485259499245
4,..,170109_C8yObject,source,reference,alarms.html.md,,,,,,,,,,,,,,,,13968,Yusuke-PC\Yusuke,1485259499249
4,..,170109_C8yObject,source,reference,applications.html.md,,,,,,,,,,,,,,,,10678,Yusuke-PC\Yusuke,1485259499252
4,..,170109_C8yObject,source,reference,auditing.html.md,,,,,,,,,,,,,,,,9468,Yusuke-PC\Yusuke,1485259499255
4,..,170109_C8yObject,source,reference,binaries.html.md,,,,,,,,,,,,,,,,9791,Yusuke-PC\Yusuke,1485259499258
4,..,170109_C8yObject,source,reference,device-control.html.md,,,,,,,,,,,,,,,,19410,Yusuke-PC\Yusuke,1485259499262
4,..,170109_C8yObject,source,reference,device-credentials.html.md,,,,,,,,,,,,,,,,12255,Yusuke-PC\Yusuke,1485259499265
4,..,170109_C8yObject,source,reference,device-management.html.md,,,,,,,,,,,,,,,,15356,Yusuke-PC\Yusuke,1485259499269
4,..,170109_C8yObject,source,reference,events.html.md,,,,,,,,,,,,,,,,12577,Yusuke-PC\Yusuke,1485259499272
4,..,170109_C8yObject,source,reference,identity.html.md,,,,,,,,,,,,,,,,5618,Yusuke-PC\Yusuke,1485259499274
4,..,170109_C8yObject,source,reference,inventory.html.md,,,,,,,,,,,,,,,,21316,Yusuke-PC\Yusuke,1485259499278
4,..,170109_C8yObject,source,reference,measurements.html.md,,,,,,,,,,,,,,,,18409,Yusuke-PC\Yusuke,1485259499282
4,..,170109_C8yObject,source,reference,real-time-notifications.html.md,,,,,,,,,,,,,,,,13407,Yusuke-PC\Yusuke,1485259499285
4,..,170109_C8yObject,source,reference,real-time-statements.html.md,,,,,,,,,,,,,,,,7725,Yusuke-PC\Yusuke,1485259499288
4,..,170109_C8yObject,source,reference,rest-implementation.html.md,,,,,,,,,,,,,,,,13921,Yusuke-PC\Yusuke,1485259499292
4,..,170109_C8yObject,source,reference,retention-rules.html.md,,,,,,,,,,,,,,,,7439,Yusuke-PC\Yusuke,1485259499294
4,..,170109_C8yObject,source,reference,sensor-library.html.md,,,,,,,,,,,,,,,,13443,Yusuke-PC\Yusuke,1485259499298
4,..,170109_C8yObject,source,reference,smartrest.html.md,,,,,,,,,,,,,,,,20547,Yusuke-PC\Yusuke,1485259499302
4,..,170109_C8yObject,source,reference,tenants.html.md,,,,,,,,,,,,,,,,28198,Yusuke-PC\Yusuke,1485259499307
4,..,170109_C8yObject,source,reference,users.html.md,,,,,,,,,,,,,,,,36742,Yusuke-PC\Yusuke,1485259499312
3,..,170109_C8yObject,source,reference,,,,,,,,,,,,,,,,,290268,Yusuke-PC\Yusuke,1485259499308
2,..,170109_C8yObject,source,,,,,,,,,,,,,,,,,,290268,Yusuke-PC\Yusuke,1485259499245
2,..,170109_C8yObject,spltet.class,,,,,,,,,,,,,,,,,,1039,Yusuke-PC\Yusuke,1485259499314
2,..,170109_C8yObject,spltet.java,,,,,,,,,,,,,,,,,,326,Yusuke-PC\Yusuke,1485259499316
1,..,170109_C8yObject,,,,,,,,,,,,,,,,,,,316850,Yusuke-PC\Yusuke,1485259499315
2,..,170503_定期券問題,Teiki$Strat.class,,,,,,,,,,,,,,,,,,1335,Yusuke-PC\Yusuke,1494196826654
2,..,170503_定期券問題,Teiki$Ticket.class,,,,,,,,,,,,,,,,,,1210,Yusuke-PC\Yusuke,1494196826656
2,..,170503_定期券問題,Teiki.class,,,,,,,,,,,,,,,,,,4702,Yusuke-PC\Yusuke,1494196826659
2,..,170503_定期券問題,Teiki.java,,,,,,,,,,,,,,,,,,7608,Yusuke-PC\Yusuke,1494196826661
2,..,170503_定期券問題,Teiki2$Strat.class,,,,,,,,,,,,,,,,,,1342,Yusuke-PC\Yusuke,1494196826663
2,..,170503_定期券問題,Teiki2$Ticket.class,,,,,,,,,,,,,,,,,,1248,Yusuke-PC\Yusuke,1494196826665
2,..,170503_定期券問題,Teiki2.class,,,,,,,,,,,,,,,,,,4928,Yusuke-PC\Yusuke,1494196826667
2,..,170503_定期券問題,Teiki2.java,,,,,,,,,,,,,,,,,,7672,Yusuke-PC\Yusuke,1494196826670
2,..,170503_定期券問題,Teiki3$Strat.class,,,,,,,,,,,,,,,,,,1342,Yusuke-PC\Yusuke,1494196826672
2,..,170503_定期券問題,Teiki3$Ticket.class,,,,,,,,,,,,,,,,,,1248,Yusuke-PC\Yusuke,1494196826674
2,..,170503_定期券問題,Teiki3.class,,,,,,,,,,,,,,,,,,4760,Yusuke-PC\Yusuke,1494196826675
2,..,170503_定期券問題,Teiki3.java,,,,,,,,,,,,,,,,,,7693,Yusuke-PC\Yusuke,1494196826678
2,..,170503_定期券問題,イチゴ問題.xlsx,,,,,,,,,,,,,,,,,,12753,Yusuke-PC\Yusuke,1494196826680
2,..,170503_定期券問題,定期券問題.docx,,,,,,,,,,,,,,,,,,13991,Yusuke-PC\Yusuke,1494196826682
1,..,170503_定期券問題,,,,,,,,,,,,,,,,,,,71832,Yusuke-PC\Yusuke,1494196826681
3,..,170504_routeEditor,cmn,drawmap.js,,,,,,,,,,,,,,,,,7884,Yusuke-PC\Yusuke,1494325344978
3,..,170504_routeEditor,cmn,jquery-3.1.0.min.js,,,,,,,,,,,,,,,,,86355,Yusuke-PC\Yusuke,1494196826708
3,..,170504_routeEditor,cmn,routeEditor.css,,,,,,,,,,,,,,,,,519,Yusuke-PC\Yusuke,1494196826710
2,..,170504_routeEditor,cmn,,,,,,,,,,,,,,,,,,94758,Yusuke-PC\Yusuke,1494403240610
2,..,170504_routeEditor,index.html,,,,,,,,,,,,,,,,,,1502,Yusuke-PC\Yusuke,1494196826712
2,..,170504_routeEditor,routeEditor.html,,,,,,,,,,,,,,,,,,464,Yusuke-PC\Yusuke,1494196826714
1,..,170504_routeEditor,,,,,,,,,,,,,,,,,,,96724,Yusuke-PC\Yusuke,1494196826714
3,..,171022_FileList_src,csv,list20171030.csv,,,,,,,,,,,,,,,,,0,Yusuke-PC\Yusuke,1509349408023
2,..,171022_FileList_src,csv,,,,,,,,,,,,,,,,,,0,Yusuke-PC\Yusuke,1509327258802
2,..,171022_FileList_src,DeletedFilePicker.class,,,,,,,,,,,,,,,,,,2841,Yusuke-PC\Yusuke,1509316379359
2,..,171022_FileList_src,DeletedFilePicker.java,,,,,,,,,,,,,,,,,,3376,Yusuke-PC\Yusuke,1509316379377
4,..,171022_FileList_src,FileChart,cmn,bootstrap.css,,,,,,,,,,,,,,,,142850,Yusuke-PC\Yusuke,1509316379492
4,..,171022_FileList_src,FileChart,cmn,d3.min.js,,,,,,,,,,,,,,,,151729,Yusuke-PC\Yusuke,1509316379598
4,..,171022_FileList_src,FileChart,cmn,line.js,,,,,,,,,,,,,,,,1341,Yusuke-PC\Yusuke,1509316379617
4,..,171022_FileList_src,FileChart,cmn,new_nv.d3.js,,,,,,,,,,,,,,,,562042,Yusuke-PC\Yusuke,1509316379822
4,..,171022_FileList_src,FileChart,cmn,nv.d3.css,,,,,,,,,,,,,,,,13603,Yusuke-PC\Yusuke,1509316379854
4,..,171022_FileList_src,FileChart,cmn,nv.d3.js,,,,,,,,,,,,,,,,462528,Yusuke-PC\Yusuke,1509316380022
4,..,171022_FileList_src,FileChart,cmn,pie.js,,,,,,,,,,,,,,,,483,Yusuke-PC\Yusuke,1509316380102
4,..,171022_FileList_src,FileChart,cmn,scatter.js,,,,,,,,,,,,,,,,934,Yusuke-PC\Yusuke,1509316380142
4,..,171022_FileList_src,FileChart,cmn,stackArea.js,,,,,,,,,,,,,,,,1209,Yusuke-PC\Yusuke,1509316380162
4,..,171022_FileList_src,FileChart,cmn,table.js,,,,,,,,,,,,,,,,989,Yusuke-PC\Yusuke,1509316380182
3,..,171022_FileList_src,FileChart,cmn,,,,,,,,,,,,,,,,,1337708,Yusuke-PC\Yusuke,1509316380163
3,..,171022_FileList_src,FileChart,FileChart.html,,,,,,,,,,,,,,,,,2777,Yusuke-PC\Yusuke,1509316379429
4,..,171022_FileList_src,FileChart,images,grey-minus.png,,,,,,,,,,,,,,,,290,Yusuke-PC\Yusuke,1509316380206
4,..,171022_FileList_src,FileChart,images,grey-plus.png,,,,,,,,,,,,,,,,325,Yusuke-PC\Yusuke,1509316380224
3,..,171022_FileList_src,FileChart,images,,,,,,,,,,,,,,,,,615,Yusuke-PC\Yusuke,1509316380206
2,..,171022_FileList_src,FileChart,,,,,,,,,,,,,,,,,,1341100,Yusuke-PC\Yusuke,1509316380182
2,..,171022_FileList_src,FileLister.bat,,,,,,,,,,,,,,,,,,51,Yusuke-PC\Yusuke,1509349404344
2,..,171022_FileList_src,FileLister.class,,,,,,,,,,,,,,,,,,3521,Yusuke-PC\Yusuke,1509316380228
2,..,171022_FileList_src,FileLister.java,,,,,,,,,,,,,,,,,,2904,Yusuke-PC\Yusuke,1509316380255
2,..,171022_FileList_src,MakeFileUsage$1.class,,,,,,,,,,,,,,,,,,1041,Yusuke-PC\Yusuke,1509316380262
2,..,171022_FileList_src,MakeFileUsage.bat,,,,,,,,,,,,,,,,,,47,Yusuke-PC\Yusuke,1509316380287
2,..,171022_FileList_src,MakeFileUsage.class,,,,,,,,,,,,,,,,,,12027,Yusuke-PC\Yusuke,1509316380343
2,..,171022_FileList_src,MakeFileUsage.java,,,,,,,,,,,,,,,,,,13196,Yusuke-PC\Yusuke,1509316380395
2,..,171022_FileList_src,tclib-0.9.jar,,,,,,,,,,,,,,,,,,155123,Yusuke-PC\Yusuke,1509327075846
1,..,171022_FileList_src,,,,,,,,,,,,,,,,,,,1535227,Yusuke-PC\Yusuke,1509327256395
2,..,20161018_Rest,dec.class,,,,,,,,,,,,,,,,,,1043,Yusuke-PC\Yusuke,1476789096213
2,..,20161018_Rest,dec.java,,,,,,,,,,,,,,,,,,959,Yusuke-PC\Yusuke,1485259499322
2,..,20161018_Rest,Logger.class,,,,,,,,,,,,,,,,,,917,Yusuke-PC\Yusuke,1476785744478
2,..,20161018_Rest,Logger.java,,,,,,,,,,,,,,,,,,816,Yusuke-PC\Yusuke,1485259499318
2,..,20161018_Rest,Rest.class,,,,,,,,,,,,,,,,,,3373,Yusuke-PC\Yusuke,1476787733045
2,..,20161018_Rest,Rest.java,,,,,,,,,,,,,,,,,,3876,Yusuke-PC\Yusuke,1485259499320
2,..,20161018_Rest,Rest_platform_result.txt,,,,,,,,,,,,,,,,,,16102,Yusuke-PC\Yusuke,1476838643789
2,..,20161018_Rest,フォーマットの違い.txt,,,,,,,,,,,,,,,,,,716,Yusuke-PC\Yusuke,1476787010429
1,..,20161018_Rest,,,,,,,,,,,,,,,,,,,27802,Yusuke-PC\Yusuke,1485259499321
2,..,20161020_DeviceREST,CreateRest.class,,,,,,,,,,,,,,,,,,4176,Yusuke-PC\Yusuke,1476930308708
2,..,20161020_DeviceREST,CreateRest.java,,,,,,,,,,,,,,,,,,4665,Yusuke-PC\Yusuke,1485259499324
2,..,20161020_DeviceREST,Logger.class,,,,,,,,,,,,,,,,,,917,Yusuke-PC\Yusuke,1476928972680
2,..,20161020_DeviceREST,Logger.java,,,,,,,,,,,,,,,,,,816,Yusuke-PC\Yusuke,1485259499326
2,..,20161020_DeviceREST,MeasureRest.class,,,,,,,,,,,,,,,,,,4392,Yusuke-PC\Yusuke,1477013520018
2,..,20161020_DeviceREST,MeasureRest.java,,,,,,,,,,,,,,,,,,5161,Yusuke-PC\Yusuke,1485259499328
2,..,20161020_DeviceREST,platform.txt,,,,,,,,,,,,,,,,,,7995,Yusuke-PC\Yusuke,1477023393655
2,..,20161020_DeviceREST,Rest.class,,,,,,,,,,,,,,,,,,4462,Yusuke-PC\Yusuke,1477023185935
2,..,20161020_DeviceREST,Rest.java,,,,,,,,,,,,,,,,,,5312,Yusuke-PC\Yusuke,1485259499331
2,..,20161020_DeviceREST,デバイス情報.txt,,,,,,,,,,,,,,,,,,3147,Yusuke-PC\Yusuke,1476930848256
1,..,20161020_DeviceREST,,,,,,,,,,,,,,,,,,,41043,Yusuke-PC\Yusuke,1485259499329
2,..,20161021_YSDevice,AgentからのdeviceCredentials.txt,,,,,,,,,,,,,,,,,,1255,Yusuke-PC\Yusuke,1477275976892
2,..,20161021_YSDevice,Rest$Response.class,,,,,,,,,,,,,,,,,,642,Yusuke-PC\Yusuke,1478839249873
2,..,20161021_YSDevice,Rest.class,,,,,,,,,,,,,,,,,,4718,Yusuke-PC\Yusuke,1478839249897
2,..,20161021_YSDevice,Rest.java,,,,,,,,,,,,,,,,,,6761,Yusuke-PC\Yusuke,1485259499333
2,..,20161021_YSDevice,S0.class,,,,,,,,,,,,,,,,,,975,Yusuke-PC\Yusuke,1478839334969
2,..,20161021_YSDevice,S0.java,,,,,,,,,,,,,,,,,,3562,Yusuke-PC\Yusuke,1485259499335
2,..,20161021_YSDevice,S1.class,,,,,,,,,,,,,,,,,,607,Yusuke-PC\Yusuke,1477291844361
2,..,20161021_YSDevice,S1.java,,,,,,,,,,,,,,,,,,2132,Yusuke-PC\Yusuke,1485259499337
2,..,20161021_YSDevice,S2.class,,,,,,,,,,,,,,,,,,1197,Yusuke-PC\Yusuke,1477291381973
2,..,20161021_YSDevice,S2.java,,,,,,,,,,,,,,,,,,2666,Yusuke-PC\Yusuke,1485259499339
2,..,20161021_YSDevice,S2result.txt,,,,,,,,,,,,,,,,,,1083,Yusuke-PC\Yusuke,1477277632006
2,..,20161021_YSDevice,S3.class,,,,,,,,,,,,,,,,,,818,Yusuke-PC\Yusuke,1477291907062
2,..,20161021_YSDevice,S3.java,,,,,,,,,,,,,,,,,,891,Yusuke-PC\Yusuke,1485259499341
2,..,20161021_YSDevice,S3result.txt,,,,,,,,,,,,,,,,,,296,Yusuke-PC\Yusuke,1477288598762
2,..,20161021_YSDevice,S4.class,,,,,,,,,,,,,,,,,,976,Yusuke-PC\Yusuke,1478072503671
2,..,20161021_YSDevice,S4.java,,,,,,,,,,,,,,,,,,3446,Yusuke-PC\Yusuke,1485259499343
2,..,20161021_YSDevice,S4result.txt,,,,,,,,,,,,,,,,,,1368,Yusuke-PC\Yusuke,1478072581778
2,..,20161021_YSDevice,S4result.txt.parsed.txt,,,,,,,,,,,,,,,,,,1712,Yusuke-PC\Yusuke,1478072590221
2,..,20161021_YSDevice,S5.class,,,,,,,,,,,,,,,,,,1040,Yusuke-PC\Yusuke,1477293821655
2,..,20161021_YSDevice,S5.java,,,,,,,,,,,,,,,,,,2064,Yusuke-PC\Yusuke,1485259499345
2,..,20161021_YSDevice,S5result.txt,,,,,,,,,,,,,,,,,,5358,Yusuke-PC\Yusuke,1477293842246
2,..,20161021_YSDevice,t1.class,,,,,,,,,,,,,,,,,,786,Yusuke-PC\Yusuke,1477273338678
2,..,20161021_YSDevice,t1.java,,,,,,,,,,,,,,,,,,329,Yusuke-PC\Yusuke,1477273334320
1,..,20161021_YSDevice,,,,,,,,,,,,,,,,,,,44682,Yusuke-PC\Yusuke,1485259499344
2,..,20161102_YSDeviceAgent,Device - コピー.conf,,,,,,,,,,,,,,,,,,134,Yusuke-PC\Yusuke,1478847776551
2,..,20161102_YSDeviceAgent,Device.class,,,,,,,,,,,,,,,,,,7262,Yusuke-PC\Yusuke,1478852513717
2,..,20161102_YSDeviceAgent,Device.conf,,,,,,,,,,,,,,,,,,1510,Yusuke-PC\Yusuke,1479081142613
2,..,20161102_YSDeviceAgent,Device.java,,,,,,,,,,,,,,,,,,9400,Yusuke-PC\Yusuke,1485259499348
2,..,20161102_YSDeviceAgent,Device2.class,,,,,,,,,,,,,,,,,,7149,Yusuke-PC\Yusuke,1479114529190
2,..,20161102_YSDeviceAgent,Device2.java,,,,,,,,,,,,,,,,,,8634,Yusuke-PC\Yusuke,1485259499351
2,..,20161102_YSDeviceAgent,OperationListener.java,,,,,,,,,,,,,,,,,,529,Yusuke-PC\Yusuke,1478849730407
2,..,20161102_YSDeviceAgent,Rest$Response.class,,,,,,,,,,,,,,,,,,955,Yusuke-PC\Yusuke,1478839341967
2,..,20161102_YSDeviceAgent,Rest.class,,,,,,,,,,,,,,,,,,6422,Yusuke-PC\Yusuke,1478839341996
2,..,20161102_YSDeviceAgent,Rest.java,,,,,,,,,,,,,,,,,,11056,Yusuke-PC\Yusuke,1485259499354
1,..,20161102_YSDeviceAgent,,,,,,,,,,,,,,,,,,,53051,Yusuke-PC\Yusuke,1485259499352
2,..,20161115_Measurement取得,Getm.class,,,,,,,,,,,,,,,,,,2585,Yusuke-PC\Yusuke,1479189503851
2,..,20161115_Measurement取得,Getm.java,,,,,,,,,,,,,,,,,,1636,Yusuke-PC\Yusuke,1485259499356
2,..,20161115_Measurement取得,Getm2.class,,,,,,,,,,,,,,,,,,1612,Yusuke-PC\Yusuke,1479196215082
2,..,20161115_Measurement取得,Getm2.java,,,,,,,,,,,,,,,,,,1700,Yusuke-PC\Yusuke,1485259499358
2,..,20161115_Measurement取得,Rest$Response.class,,,,,,,,,,,,,,,,,,1207,Yusuke-PC\Yusuke,1479178910250
2,..,20161115_Measurement取得,Rest.class,,,,,,,,,,,,,,,,,,7058,Yusuke-PC\Yusuke,1479178910266
2,..,20161115_Measurement取得,Rest.java,,,,,,,,,,,,,,,,,,12096,Yusuke-PC\Yusuke,1485259499361
2,..,20161115_Measurement取得,result.txt,,,,,,,,,,,,,,,,,,369,Yusuke-PC\Yusuke,1479189424569
1,..,20161115_Measurement取得,,,,,,,,,,,,,,,,,,,28263,Yusuke-PC\Yusuke,1485259499358
2,..,20161209_measurementサイズ,Device.conf,,,,,,,,,,,,,,,,,,2015,Yusuke-PC\Yusuke,1485259499363
2,..,20161209_measurementサイズ,Device2.java,,,,,,,,,,,,,,,,,,10699,Yusuke-PC\Yusuke,1485259499365
2,..,20161209_measurementサイズ,Meas.class,,,,,,,,,,,,,,,,,,1797,Yusuke-PC\Yusuke,1485259499368
2,..,20161209_measurementサイズ,Meas.java,,,,,,,,,,,,,,,,,,859,Yusuke-PC\Yusuke,1485259499370
2,..,20161209_measurementサイズ,measurement_sample.txt,,,,,,,,,,,,,,,,,,209,Yusuke-PC\Yusuke,1485259499371
1,..,20161209_measurementサイズ,,,,,,,,,,,,,,,,,,,15579,Yusuke-PC\Yusuke,1488883185147
2,..,20161212_YSDeviceAgent2,Device.conf,,,,,,,,,,,,,,,,,,2015,Yusuke-PC\Yusuke,1485259499374
2,..,20161212_YSDeviceAgent2,Device2.class,,,,,,,,,,,,,,,,,,8917,Yusuke-PC\Yusuke,1485259499376
2,..,20161212_YSDeviceAgent2,Device2.java,,,,,,,,,,,,,,,,,,10798,Yusuke-PC\Yusuke,1497828648220
2,..,20161212_YSDeviceAgent2,OperationEvent.java,,,,,,,,,,,,,,,,,,506,Yusuke-PC\Yusuke,1485259499380
2,..,20161212_YSDeviceAgent2,OperationListener.java,,,,,,,,,,,,,,,,,,256,Yusuke-PC\Yusuke,1485259499382
2,..,20161212_YSDeviceAgent2,OperationWatcher.java,,,,,,,,,,,,,,,,,,1532,Yusuke-PC\Yusuke,1485259499384
1,..,20161212_YSDeviceAgent2,,,,,,,,,,,,,,,,,,,24024,Yusuke-PC\Yusuke,1486333745005
2,..,20161226_tenantStatistics,TenantStats.class,,,,,,,,,,,,,,,,,,2002,Yusuke-PC\Yusuke,1485259499386
2,..,20161226_tenantStatistics,TenantStats.java,,,,,,,,,,,,,,,,,,1033,Yusuke-PC\Yusuke,1485259499388
2,..,20161226_tenantStatistics,tenantStats.txt,,,,,,,,,,,,,,,,,,284374,Yusuke-PC\Yusuke,1485259499391
1,..,20161226_tenantStatistics,,,,,,,,,,,,,,,,,,,287409,Yusuke-PC\Yusuke,1485259499390
2,..,20161226_user,Test.txt,,,,,,,,,,,,,,,,,,106187,Yusuke-PC\Yusuke,1485259499394
2,..,20161226_user,UserTest.class,,,,,,,,,,,,,,,,,,2155,Yusuke-PC\Yusuke,1485259499396
2,..,20161226_user,UserTest.java,,,,,,,,,,,,,,,,,,1161,Yusuke-PC\Yusuke,1485259499398
2,..,20161226_user,UserTest.txt,,,,,,,,,,,,,,,,,,1468,Yusuke-PC\Yusuke,1485259499400
1,..,20161226_user,,,,,,,,,,,,,,,,,,,110971,Yusuke-PC\Yusuke,1485259499398
2,..,20170404_mdリンクチェック,check.txt,,,,,,,,,,,,,,,,,,49956,Yusuke-PC\Yusuke,1491372455589
2,..,20170404_mdリンクチェック,check0407.txt,,,,,,,,,,,,,,,,,,51388,Yusuke-PC\Yusuke,1491537824186
2,..,20170404_mdリンクチェック,check170912.txt,,,,,,,,,,,,,,,,,,59536,Yusuke-PC\Yusuke,1505181468199
2,..,20170404_mdリンクチェック,check170912_2.txt,,,,,,,,,,,,,,,,,,54828,Yusuke-PC\Yusuke,1505182754522
2,..,20170404_mdリンクチェック,check_画像.txt,,,,,,,,,,,,,,,,,,49956,Yusuke-PC\Yusuke,1491372467447
2,..,20170404_mdリンクチェック,MdLinkChecker$Link.class,,,,,,,,,,,,,,,,,,329,Yusuke-PC\Yusuke,1491368010390
2,..,20170404_mdリンクチェック,MdLinkChecker.class,,,,,,,,,,,,,,,,,,6341,Yusuke-PC\Yusuke,1491368010421
2,..,20170404_mdリンクチェック,MdLinkChecker.java,,,,,,,,,,,,,,,,,,7188,Yusuke-PC\Yusuke,1491368007153
1,..,20170404_mdリンクチェック,,,,,,,,,,,,,,,,,,,279522,Yusuke-PC\Yusuke,1505181473777
4,..,20170501_python,chainer勉強,iris,code.py,,,,,,,,,,,,,,,,4424,Yusuke-PC\Yusuke,1494196826718
4,..,20170501_python,chainer勉強,iris,iris.csv,,,,,,,,,,,,,,,,3898,Yusuke-PC\Yusuke,1494196826720
4,..,20170501_python,chainer勉強,iris,iris.data,,,,,,,,,,,,,,,,4700,Yusuke-PC\Yusuke,1494196826722
4,..,20170501_python,chainer勉強,iris,tut.py,,,,,,,,,,,,,,,,5328,Yusuke-PC\Yusuke,1494196826724
5,..,20170501_python,chainer勉強,iris,tut_result,accuracy.png,,,,,,,,,,,,,,,45980,Yusuke-PC\Yusuke,1494196826728
5,..,20170501_python,chainer勉強,iris,tut_result,cg.dot,,,,,,,,,,,,,,,2425,Yusuke-PC\Yusuke,1494196826730
5,..,20170501_python,chainer勉強,iris,tut_result,log,,,,,,,,,,,,,,,6021,Yusuke-PC\Yusuke,1494196826732
5,..,20170501_python,chainer勉強,iris,tut_result,loss.png,,,,,,,,,,,,,,,39088,Yusuke-PC\Yusuke,1494196826735
4,..,20170501_python,chainer勉強,iris,tut_result,,,,,,,,,,,,,,,,93514,Yusuke-PC\Yusuke,1494196826734
3,..,20170501_python,chainer勉強,iris,,,,,,,,,,,,,,,,,111864,Yusuke-PC\Yusuke,1494196826725
4,..,20170501_python,chainer勉強,result,cg.dot,,,,,,,,,,,,,,,,2459,Yusuke-PC\Yusuke,1494196826738
3,..,20170501_python,chainer勉強,result,,,,,,,,,,,,,,,,,2459,Yusuke-PC\Yusuke,1494196826736
4,..,20170501_python,chainer勉強,result170503,accuracy.png,,,,,,,,,,,,,,,,34292,Yusuke-PC\Yusuke,1494196826741
4,..,20170501_python,chainer勉強,result170503,cg.dot,,,,,,,,,,,,,,,,2459,Yusuke-PC\Yusuke,1494196826743
4,..,20170501_python,chainer勉強,result170503,log,,,,,,,,,,,,,,,,6172,Yusuke-PC\Yusuke,1494196826746
4,..,20170501_python,chainer勉強,result170503,loss.png,,,,,,,,,,,,,,,,37365,Yusuke-PC\Yusuke,1494196826749
3,..,20170501_python,chainer勉強,result170503,,,,,,,,,,,,,,,,,80288,Yusuke-PC\Yusuke,1494196826748
3,..,20170501_python,chainer勉強,resume.bat,,,,,,,,,,,,,,,,,68,Yusuke-PC\Yusuke,1494196826751
3,..,20170501_python,chainer勉強,train_mnist.py,,,,,,,,,,,,,,,,,5255,Yusuke-PC\Yusuke,1494196826754
3,..,20170501_python,chainer勉強,tutorial.py,,,,,,,,,,,,,,,,,558,Yusuke-PC\Yusuke,1494196826756
2,..,20170501_python,chainer勉強,,,,,,,,,,,,,,,,,,200492,Yusuke-PC\Yusuke,1494196826755
2,..,20170501_python,chainer手順.md,,,,,,,,,,,,,,,,,,895,Yusuke-PC\Yusuke,1494196826758
2,..,20170501_python,matplotlib1.png,,,,,,,,,,,,,,,,,,24783,Yusuke-PC\Yusuke,1494196826762
3,..,20170501_python,py勉強,kazu.py,,,,,,,,,,,,,,,,,748,Yusuke-PC\Yusuke,1494196826764
4,..,20170501_python,py勉強,matplotlib勉強,plot.py,,,,,,,,,,,,,,,,139,Yusuke-PC\Yusuke,1494196826767
3,..,20170501_python,py勉強,matplotlib勉強,,,,,,,,,,,,,,,,,139,Yusuke-PC\Yusuke,1494196826767
3,..,20170501_python,py勉強,mnist.py,,,,,,,,,,,,,,,,,5525,Yusuke-PC\Yusuke,1494196826770
4,..,20170501_python,py勉強,numpy勉強,np.py,,,,,,,,,,,,,,,,2451,Yusuke-PC\Yusuke,1494196826773
3,..,20170501_python,py勉強,numpy勉強,,,,,,,,,,,,,,,,,2451,Yusuke-PC\Yusuke,1494196826772
3,..,20170501_python,py勉強,test_small.csv,,,,,,,,,,,,,,,,,371608,Yusuke-PC\Yusuke,1494196826800
3,..,20170501_python,py勉強,train_partial.csv,,,,,,,,,,,,,,,,,371597,Yusuke-PC\Yusuke,1494196826828
2,..,20170501_python,py勉強,,,,,,,,,,,,,,,,,,752068,Yusuke-PC\Yusuke,1494196826804
2,..,20170501_python,手順.md,,,,,,,,,,,,,,,,,,472,Yusuke-PC\Yusuke,1494196826830
1,..,20170501_python,,,,,,,,,,,,,,,,,,,978710,Yusuke-PC\Yusuke,1494196826829
2,..,20170525_Event取得、csv出力,e.csv,,,,,,,,,,,,,,,,,,158090,Yusuke-PC\Yusuke,1495661418993
2,..,20170525_Event取得、csv出力,e2.csv,,,,,,,,,,,,,,,,,,190792,Yusuke-PC\Yusuke,1495674103673
2,..,20170525_Event取得、csv出力,ev2.csv,,,,,,,,,,,,,,,,,,2299848,Yusuke-PC\Yusuke,1497316011001
2,..,20170525_Event取得、csv出力,ev2.zip,,,,,,,,,,,,,,,,,,127388,Yusuke-PC\Yusuke,1497316031641
2,..,20170525_Event取得、csv出力,ev20170705.csv,,,,,,,,,,,,,,,,,,4443732,Yusuke-PC\Yusuke,1499222329458
2,..,20170525_Event取得、csv出力,event.csv,,,,,,,,,,,,,,,,,,123126,Yusuke-PC\Yusuke,1495660233637
2,..,20170525_Event取得、csv出力,EventGet.class,,,,,,,,,,,,,,,,,,2232,Yusuke-PC\Yusuke,1495674091825
2,..,20170525_Event取得、csv出力,EventGet.java,,,,,,,,,,,,,,,,,,2396,Yusuke-PC\Yusuke,1495668532471
1,..,20170525_Event取得、csv出力,,,,,,,,,,,,,,,,,,,7347604,Yusuke-PC\Yusuke,1506937405924
4,..,20170629_JSでsvg,html,cmn,bicycle.css,,,,,,,,,,,,,,,,1064,Yusuke-PC\Yusuke,1498733221221
4,..,20170629_JSでsvg,html,cmn,d3.min.js,,,,,,,,,,,,,,,,151729,Yusuke-PC\Yusuke,1478491517904
4,..,20170629_JSでsvg,html,cmn,drawsvg.js,,,,,,,,,,,,,,,,820,Yusuke-PC\Yusuke,1498733318368
3,..,20170629_JSでsvg,html,cmn,,,,,,,,,,,,,,,,,153613,Yusuke-PC\Yusuke,1499415097641
3,..,20170629_JSでsvg,html,index.html,,,,,,,,,,,,,,,,,557,Yusuke-PC\Yusuke,1498732625508
2,..,20170629_JSでsvg,html,,,,,,,,,,,,,,,,,,154170,Yusuke-PC\Yusuke,1499415097544
4,..,20170629_JSでsvg,svg例,170707ng-class利用,BasClassRect.svg,,,,,,,,,,,,,,,,1333,Yusuke-PC\Yusuke,1499640265931
4,..,20170629_JSでsvg,svg例,170707ng-class利用,BasScadaDemo.svg,,,,,,,,,,,,,,,,6103,Yusuke-PC\Yusuke,1499640265934
4,..,20170629_JSでsvg,svg例,170707ng-class利用,ClassRect.svg,,,,,,,,,,,,,,,,1080,Yusuke-PC\Yusuke,1499409605482
4,..,20170629_JSでsvg,svg例,170707ng-class利用,ClassRect2.svg,,,,,,,,,,,,,,,,2076,Yusuke-PC\Yusuke,1499640265938
4,..,20170629_JSでsvg,svg例,170707ng-class利用,createSniplet.py,,,,,,,,,,,,,,,,952,Yusuke-PC\Yusuke,1499640265940
4,..,20170629_JSでsvg,svg例,170707ng-class利用,scadademo.svg,,,,,,,,,,,,,,,,6238,Yusuke-PC\Yusuke,1477456387363
3,..,20170629_JSでsvg,svg例,170707ng-class利用,,,,,,,,,,,,,,,,,17782,Yusuke-PC\Yusuke,1499640265939
3,..,20170629_JSでsvg,svg例,Rect.svg,,,,,,,,,,,,,,,,,274,Yusuke-PC\Yusuke,1498785468764
3,..,20170629_JSでsvg,svg例,Rect2x2の4色.svg,,,,,,,,,,,,,,,,,474,Yusuke-PC\Yusuke,1498785367813
3,..,20170629_JSでsvg,svg例,ScriptedRect.svg,,,,,,,,,,,,,,,,,731,Yusuke-PC\Yusuke,1498804714638
3,..,20170629_JSでsvg,svg例,ScriptedRect2.svg,,,,,,,,,,,,,,,,,748,Yusuke-PC\Yusuke,1498806044690
3,..,20170629_JSでsvg,svg例,ScriptedRect3.svg,,,,,,,,,,,,,,,,,529,Yusuke-PC\Yusuke,1498807594393
2,..,20170629_JSでsvg,svg例,,,,,,,,,,,,,,,,,,20538,Yusuke-PC\Yusuke,1499415097682
1,..,20170629_JSでsvg,,,,,,,,,,,,,,,,,,,174708,Yusuke-PC\Yusuke,1499415097646
2,..,20170726_js,EvalScript.class,,,,,,,,,,,,,,,,,,647,Yusuke-PC\Yusuke,1501050995573
2,..,20170726_js,EvalScript.java,,,,,,,,,,,,,,,,,,403,Yusuke-PC\Yusuke,1501050988191
2,..,20170726_js,imp - コピー.js,,,,,,,,,,,,,,,,,,888,Yusuke-PC\Yusuke,1501054284614
2,..,20170726_js,imp.js,,,,,,,,,,,,,,,,,,1832,Yusuke-PC\Yusuke,1501492223834
1,..,20170726_js,,,,,,,,,,,,,,,,,,,3770,Yusuke-PC\Yusuke,1505096858595
2,..,20170823_UBIデモ,c2j.txt,,,,,,,,,,,,,,,,,,2974,Yusuke-PC\Yusuke,1503914980206
2,..,20170823_UBIデモ,C8yConnector.class,,,,,,,,,,,,,,,,,,4331,Yusuke-PC\Yusuke,1504774567823
2,..,20170823_UBIデモ,C8yConnector.java,,,,,,,,,,,,,,,,,,5179,Yusuke-PC\Yusuke,1504604606274
2,..,20170823_UBIデモ,CarData.csv,,,,,,,,,,,,,,,,,,1209,Yusuke-PC\Yusuke,1504053107130
2,..,20170823_UBIデモ,CarDemoDataMaker$OrbitSender.class,,,,,,,,,,,,,,,,,,2726,Yusuke-PC\Yusuke,1504774567729
2,..,20170823_UBIデモ,CarDemoDataMaker.class,,,,,,,,,,,,,,,,,,11615,Yusuke-PC\Yusuke,1504774567776
2,..,20170823_UBIデモ,CarDemoDataMaker.java,,,,,,,,,,,,,,,,,,17587,Yusuke-PC\Yusuke,1504774742152
2,..,20170823_UBIデモ,CarDemoDataReader.class,,,,,,,,,,,,,,,,,,2343,Yusuke-PC\Yusuke,1503914915869
2,..,20170823_UBIデモ,Csv2Json.class,,,,,,,,,,,,,,,,,,2325,Yusuke-PC\Yusuke,1503969752947
2,..,20170823_UBIデモ,Csv2Json.java,,,,,,,,,,,,,,,,,,2103,Yusuke-PC\Yusuke,1503961285198
2,..,20170823_UBIデモ,HKSMeasurement.class,,,,,,,,,,,,,,,,,,771,Yusuke-PC\Yusuke,1504774567823
2,..,20170823_UBIデモ,HKSMeasurement.java,,,,,,,,,,,,,,,,,,869,Yusuke-PC\Yusuke,1504055977958
3,..,20170823_UBIデモ,images,alfaRomeo.jpg,,,,,,,,,,,,,,,,,36083,Yusuke-PC\Yusuke,1498623272888
3,..,20170823_UBIデモ,images,fiat.jpg,,,,,,,,,,,,,,,,,52706,Yusuke-PC\Yusuke,1498623260422
3,..,20170823_UBIデモ,images,golfplus.jpg,,,,,,,,,,,,,,,,,67653,Yusuke-PC\Yusuke,1498623246260
3,..,20170823_UBIデモ,images,prius.jpg,,,,,,,,,,,,,,,,,11153,Yusuke-PC\Yusuke,1504049168145
3,..,20170823_UBIデモ,images,serena.jpg,,,,,,,,,,,,,,,,,58568,Yusuke-PC\Yusuke,1498623231194
3,..,20170823_UBIデモ,images,vitz.jpg,,,,,,,,,,,,,,,,,24922,Yusuke-PC\Yusuke,1498623216027
3,..,20170823_UBIデモ,images,vitz.png,,,,,,,,,,,,,,,,,45630,Yusuke-PC\Yusuke,1498623187344
2,..,20170823_UBIデモ,images,,,,,,,,,,,,,,,,,,296715,Yusuke-PC\Yusuke,1506937398564
2,..,20170823_UBIデモ,九州.txt,,,,,,,,,,,,,,,,,,3323,Yusuke-PC\Yusuke,1498617880457
2,..,20170823_UBIデモ,北海道動物園.txt,,,,,,,,,,,,,,,,,,9251,Yusuke-PC\Yusuke,1498617631602
2,..,20170823_UBIデモ,大阪のあたり.txt,,,,,,,,,,,,,,,,,,3876,Yusuke-PC\Yusuke,1498615885369
2,..,20170823_UBIデモ,神谷町、日比谷ビル.txt,,,,,,,,,,,,,,,,,,4823,Yusuke-PC\Yusuke,1503996570162
2,..,20170823_UBIデモ,関東北の方.txt,,,,,,,,,,,,,,,,,,4185,Yusuke-PC\Yusuke,1498615871965
2,..,20170823_UBIデモ,高井戸から日比谷ビル。高速道路を利用.txt,,,,,,,,,,,,,,,,,,2028,Yusuke-PC\Yusuke,1498615878970
1,..,20170823_UBIデモ,,,,,,,,,,,,,,,,,,,378233,Yusuke-PC\Yusuke,1506937398537
2,..,20170904_リアルタイム通知,prodResult.txt,,,,,,,,,,,,,,,,,,8573,Yusuke-PC\Yusuke,1506332054960
2,..,20170904_リアルタイム通知,result.txt,,,,,,,,,,,,,,,,,,2208,Yusuke-PC\Yusuke,1504609548667
2,..,20170904_リアルタイム通知,Rtest.class,,,,,,,,,,,,,,,,,,3709,Yusuke-PC\Yusuke,1506320968959
2,..,20170904_リアルタイム通知,Rtest.java,,,,,,,,,,,,,,,,,,2476,Yusuke-PC\Yusuke,1506920189049
2,..,20170904_リアルタイム通知,Rtest2.class,,,,,,,,,,,,,,,,,,4479,Yusuke-PC\Yusuke,1506922521063
2,..,20170904_リアルタイム通知,Rtest2.java,,,,,,,,,,,,,,,,,,4095,Yusuke-PC\Yusuke,1506923562756
1,..,20170904_リアルタイム通知,,,,,,,,,,,,,,,,,,,25540,Yusuke-PC\Yusuke,1506937398586
0,..,,,,,,,,,,,,,,,,,,,,12451191,Yusuke-PC\Yusuke,1509316379324
